Name,Duration (min),Permanent,Start (UTC),End (UTC)
social_dusk_spitroastpassive,1439,false,2026-03-14T07:00:00Z,2026-03-15T06:59:00Z
collectible_bird,1440,false,2026-03-14T07:00:00Z,2026-03-15T07:00:00Z
quest_ap27_fetch_02_part1,99999999,true,2025-07-28T07:00:00Z,
quest_ap29_fetch_11,99999999,true,2026-03-20T07:00:00Z,
quest_competition_speedskate,99999999,true,2024-07-29T07:00:00Z,
spiritshopitem_ap06unlock_ap26_fetch_06,99999999,true,2025-06-30T07:00:00Z,
quest_ap19_fetch_03,99999999,true,2023-08-14T07:00:00Z,
aurora_theseed,4,false,2026-03-14T19:41:00Z,2026-03-14T19:45:00Z
quest_ap11_fetch_04,99999999,true,2021-08-02T07:00:00Z,
aurora_softinside,5,false,2026-03-14T19:26:00Z,2026-03-14T19:31:00Z
spiritshopitem_ap06unlock_ap22_miniShop_02,99999999,true,2024-05-20T07:00:00Z,
quest_ap20_fetch_04,99999999,true,2023-11-13T08:00:00Z,
quest_ap27_fetch_02_part3,99999999,true,2025-07-28T07:00:00Z,
quest_ap24_sidequest_04,99999999,true,2024-10-14T07:00:00Z,
spiritshopitem_ap06unlock_ap21_fetch_02,99999999,true,2024-01-29T08:00:00Z,
quest_ap12_fetch_03,99999999,true,2021-11-01T07:00:00Z,
collectible_wave,1440,false,2026-03-14T07:00:00Z,2026-03-15T07:00:00Z
season_27_ch4_shop,99999999,true,2025-10-16T07:00:00Z,
visiting_vendor_questap06,1440,false,2026-03-14T07:00:00Z,2026-03-15T07:00:00Z
quest_scavenger_spirit_beachday2,1440,false,2026-03-14T07:00:00Z,2026-03-15T07:00:00Z
global_bloom,30240,false,2026-03-13T07:00:00Z,2026-04-03T07:00:00Z
collectible_whale,1440,false,2026-03-14T07:00:00Z,2026-03-15T07:00:00Z
spiritshopitem_ap06unlock_ap15_fetch_03,99999999,true,2022-08-05T07:00:00Z,
spiritshopitem_ap06unlock_ap21_fetch_01,99999999,true,2024-01-15T08:00:00Z,
quest_ap20_fetch_10,99999999,true,2023-12-25T08:00:00Z,
spiritshopitem_ap06unlock_ap10_fetch_06,99999999,true,2021-05-31T07:00:00Z,
spiritshopitem_ap06unlock_ap25_fetch_01,99999999,true,2025-01-20T08:00:00Z,
collectible_ghost,1440,false,2026-03-14T07:00:00Z,2026-03-15T07:00:00Z
social_sunset_labyrinth,1439,false,2026-03-14T07:00:00Z,2026-03-15T06:59:00Z
aurora_orbit_countdown,1,false,2026-03-14T19:50:00Z,2026-03-14T19:51:00Z
visiting_vendor_questap22,1440,false,2026-03-14T07:00:00Z,2026-03-15T07:00:00Z
ap29_fetch_05_cuteclap,99999999,true,2026-02-06T08:00:00Z,
quest_ap21_fetch_04,99999999,true,2024-02-26T08:00:00Z,
quest_ap25_fetch_05,99999999,true,2025-03-17T07:00:00Z,
quest_ap28_fetch_05_bells,99999999,true,2025-11-17T08:00:00Z,
spiritshopitem_ap06unlock_ap17_fetch_02,99999999,true,2023-01-16T08:00:00Z,
collectible_lookaround,1440,false,2026-03-14T07:00:00Z,2026-03-15T07:00:00Z
collectible_point,1440,false,2026-03-14T07:00:00Z,2026-03-15T07:00:00Z
aurora_exhaleinhale_countdown,1,false,2026-03-14T19:12:00Z,2026-03-14T19:13:00Z
social_rain_bonfirecamp,1439,false,2026-03-14T07:00:00Z,2026-03-15T06:59:00Z
collectible_raisetheroof,1440,false,2026-03-14T07:00:00Z,2026-03-15T07:00:00Z
collectible_raisetheroof,1440,false,2026-03-15T07:00:00Z,2026-03-16T07:00:00Z
spiritshopitem_ap06unlock_fetch_sunset,99999999,true,2020-04-27T07:00:00Z,
bloom_lazycool_oasis,30240,false,2026-03-13T07:00:00Z,2026-04-03T07:00:00Z
spiritshopitem_ap06unlock_ap27_manatee_01,99999999,true,2025-08-29T07:00:00Z,
collectible_salute,1440,false,2026-03-14T07:00:00Z,2026-03-15T07:00:00Z
te_ep_2,15,false,2026-03-14T18:05:00Z,2026-03-14T18:20:00Z
te_ep_2,15,false,2026-03-14T18:25:00Z,2026-03-14T18:40:00Z
te_ep_2,15,false,2026-03-14T18:45:00Z,2026-03-14T19:00:00Z
te_ep_2,15,false,2026-03-14T19:05:00Z,2026-03-14T19:20:00Z
global_bloom_2025_2,4320,false,2026-03-16T07:00:00Z,2026-03-19T07:00:00Z
quest_ap25_fetch_03,99999999,true,2025-02-17T08:00:00Z,
aurora_runaway_countdown,1,false,2026-03-14T19:18:00Z,2026-03-14T19:19:00Z
global_violin,99999999,true,2023-07-03T07:00:00Z,
spiritshopitem_ap06unlock_ap27_fetch_05,99999999,true,2025-08-29T07:00:00Z,
sunset_village_fishing,99999999,true,2022-12-19T08:00:00Z,
quest_ap28_fetch_06_bells,99999999,true,2025-11-24T08:00:00Z,
spiritshopitem_ap06unlock_ap27_fetch_01,99999999,true,2025-07-21T07:00:00Z,
spiritshopitem_ap06unlock_ap09_fetch_04,99999999,true,2021-02-08T08:00:00Z,
quest_competition_voidcollect,99999999,true,2024-07-29T07:00:00Z,
spiritshopitem_ap06unlock_ap20_fetch_02,99999999,true,2023-10-23T07:00:00Z,
global_aurora,300,false,2031-06-04T15:30:00Z,2031-06-04T20:30:00Z
quest_ap24_fetch_05,99999999,true,2024-11-11T08:00:00Z,
quest_sunset_yeti_race,99999999,true,2022-12-19T08:00:00Z,
spiritshopitem_ap06unlock_ap08_fetch_01,99999999,true,2020-10-05T07:00:00Z,
spiritshopitem_ap06unlock_fetch_dusk,99999999,true,2020-04-20T07:00:00Z,
aurora_theseed_countdown,1,false,2026-03-14T19:40:00Z,2026-03-14T19:41:00Z
quest_ap26_fetch_06,99999999,true,2025-06-30T07:00:00Z,
visiting_vendor_questap27,1440,false,2026-03-14T07:00:00Z,2026-03-15T07:00:00Z
collectible_bow,1440,false,2026-03-14T07:00:00Z,2026-03-15T07:00:00Z
quest_ap18_fetch_05,99999999,true,2023-06-12T07:00:00Z,
bloom_shh_oasis,30240,false,2026-03-13T07:00:00Z,2026-04-03T07:00:00Z
spiritshopitem_ap06unlock_ap23_fetch_05,99999999,true,2024-09-09T07:00:00Z,
global_ball_snow,217440,false,2025-11-01T07:00:00Z,2026-04-01T07:00:00Z
ap29_fetch_07_secret,99999999,true,2026-02-20T08:00:00Z,
spiritshopitem_ap06unlock_ap23_fetch_04,99999999,true,2024-08-26T07:00:00Z,
collectible_pout,1440,false,2026-03-14T07:00:00Z,2026-03-15T07:00:00Z
quest_ap20_fetch_09,99999999,true,2023-12-12T08:00:00Z,
spiritshopitem_ap06unlock_ap20_fetch_09,99999999,true,2023-12-12T08:00:00Z,
spiritshopitem_ap06unlock_ap23_fetch_03,99999999,true,2024-08-12T07:00:00Z,
aurora_softinside_wrap,2,false,2026-03-14T19:31:00Z,2026-03-14T19:33:00Z
aurora_eyesofachild,4,false,2026-03-14T19:46:00Z,2026-03-14T19:50:00Z
quest_ap22_miniSocial_03,99999999,true,2024-06-03T07:00:00Z,
quest_ap20_fetch_07,99999999,true,2023-12-04T08:00:00Z,
feast_toyvendorforever,99999999,true,2023-12-18T08:00:00Z,
spiritshopitem_ap06unlock_ap24_fetch_05,99999999,true,2024-11-11T08:00:00Z,
gen_shop_weekly_reset,0,false,2026-03-20T07:00:00Z,2026-03-20T07:00:00Z
skyfest_fireworks_show,1440,false,2026-03-13T19:00:00Z,2026-03-14T19:00:00Z
skyfest_fireworks_show,1440,false,2026-03-13T20:00:00Z,2026-03-14T20:00:00Z
skyfest_fireworks_show,1440,false,2026-03-13T21:00:00Z,2026-03-14T21:00:00Z
skyfest_fireworks_show,1440,false,2026-03-13T22:00:00Z,2026-03-14T22:00:00Z
skyfest_fireworks_show,1440,false,2026-03-13T23:00:00Z,2026-03-14T23:00:00Z
skyfest_fireworks_show,1440,false,2026-03-14T00:00:00Z,2026-03-15T00:00:00Z
skyfest_fireworks_show,1440,false,2026-03-14T01:00:00Z,2026-03-15T01:00:00Z
skyfest_fireworks_show,1440,false,2026-03-14T02:00:00Z,2026-03-15T02:00:00Z
skyfest_fireworks_show,1440,false,2026-03-14T03:00:00Z,2026-03-15T03:00:00Z
skyfest_fireworks_show,1440,false,2026-03-14T04:00:00Z,2026-03-15T04:00:00Z
skyfest_fireworks_show,1440,false,2026-03-14T05:00:00Z,2026-03-15T05:00:00Z
skyfest_fireworks_show,1440,false,2026-03-14T06:00:00Z,2026-03-15T06:00:00Z
skyfest_fireworks_show,1440,false,2026-03-14T07:00:00Z,2026-03-15T07:00:00Z
skyfest_fireworks_show,1440,false,2026-03-14T08:00:00Z,2026-03-15T08:00:00Z
skyfest_fireworks_show,1440,false,2026-03-14T09:00:00Z,2026-03-15T09:00:00Z
skyfest_fireworks_show,1440,false,2026-03-14T10:00:00Z,2026-03-15T10:00:00Z
quest_ap29_fetch_08,99999999,true,2026-02-27T08:00:00Z,
ap18_ritual_04_audience_lobby,7,false,2026-03-14T18:08:00Z,2026-03-14T18:15:00Z
ap18_ritual_04_audience_lobby,7,false,2026-03-14T18:23:00Z,2026-03-14T18:30:00Z
ap18_ritual_04_audience_lobby,7,false,2026-03-14T18:38:00Z,2026-03-14T18:45:00Z
ap18_ritual_04_audience_lobby,7,false,2026-03-14T18:53:00Z,2026-03-14T19:00:00Z
spiritshopitem_ap06unlock_ap20_fetch_01,99999999,true,2023-10-16T07:00:00Z,
quest_ap28_fetch_07,99999999,true,2025-12-01T08:00:00Z,
quest_ap24_fetch_10,99999999,true,2024-12-02T08:00:00Z,
spiritshopitem_ap06unlock_ap24_fetch_07,99999999,true,2024-11-25T08:00:00Z,
spiritshopitem_ap06unlock_ap27_fetch_03,99999999,true,2025-08-04T07:00:00Z,
quest_ap23_fetch_02,99999999,true,2024-07-29T07:00:00Z,
collectible_come,1440,false,2026-03-14T07:00:00Z,2026-03-15T07:00:00Z
collectible_cuteclap,110880,false,2026-01-16T08:00:00Z,2026-04-03T08:00:00Z
gen_shop_yearly_reset,0,false,2027-01-01T08:00:00Z,2027-01-01T08:00:00Z
aurora_warrior_wrap,2,false,2026-03-14T19:38:00Z,2026-03-14T19:40:00Z
global_bloom_sakura_flowerPatch,30240,false,2026-03-13T07:00:00Z,2026-04-03T07:00:00Z
skyfest_fireworks_show_act1,3,false,2026-03-14T18:19:00Z,2026-03-14T18:22:00Z
skyfest_fireworks_show_act1,3,false,2026-03-14T19:19:00Z,2026-03-14T19:22:00Z
spiritshopitem_ap06unlock_ap22_fetch_01,99999999,true,2024-04-15T07:00:00Z,
spiritshopitem_ap06unlock_ap25_fetch_03,99999999,true,2025-02-17T08:00:00Z,
snake_random_rail,6,false,2026-03-14T18:12:00Z,2026-03-14T18:18:00Z
snake_random_rail,6,false,2026-03-14T18:18:00Z,2026-03-14T18:24:00Z
snake_random_rail,6,false,2026-03-14T18:24:00Z,2026-03-14T18:30:00Z
snake_random_rail,6,false,2026-03-14T18:30:00Z,2026-03-14T18:36:00Z
snake_random_rail,6,false,2026-03-14T18:36:00Z,2026-03-14T18:42:00Z
snake_random_rail,6,false,2026-03-14T18:42:00Z,2026-03-14T18:48:00Z
ap18_ritual_timer_15,15,false,2026-03-14T18:00:00Z,2026-03-14T18:15:00Z
ap18_ritual_timer_15,15,false,2026-03-14T18:15:00Z,2026-03-14T18:30:00Z
ap18_ritual_timer_15,15,false,2026-03-14T18:30:00Z,2026-03-14T18:45:00Z
ap18_ritual_timer_15,15,false,2026-03-14T18:45:00Z,2026-03-14T19:00:00Z
quest_ap22_miniShop_01,99999999,true,2024-04-29T07:00:00Z,
quest_ap16_fetch_02,99999999,true,2022-10-31T07:00:00Z,
quest_ap09_fetch_01,99999999,true,2021-01-04T08:00:00Z,
spiritshopitem_ap06unlock_ap25_fetch_04,99999999,true,2025-03-03T08:00:00Z,
visiting_vendor_questap10,1440,false,2026-03-14T07:00:00Z,2026-03-15T07:00:00Z
spiritshopitem_ap06unlock_ap26_fetch_03,99999999,true,2025-05-19T07:00:00Z,
quest_ap16_fetch_05,99999999,true,2022-12-09T01:00:00Z,
global_qixi_couple,1440,false,2026-08-04T07:00:00Z,2026-08-05T07:00:00Z
quest_ap12_fetch_05,99999999,true,2021-11-29T08:00:00Z,
quest_ap28_fetch_04,99999999,true,2025-11-10T08:00:00Z,
spiritshopitem_ap06unlock_ap22_miniShop_03,99999999,true,2024-06-10T07:00:00Z,
spiritshopitem_ap06unlock_fetch_rain,99999999,true,2020-06-11T07:00:00Z,
gen_shop_monthly_reset,0,false,2026-04-01T07:00:00Z,2026-04-01T07:00:00Z
quest_ap29_fetch_05,99999999,true,2026-02-06T08:00:00Z,
dusk_darkstone_1,1440,false,2026-03-14T07:00:00Z,2026-03-15T07:00:00Z
quest_ap21_fetch_01,99999999,true,2024-01-15T08:00:00Z,
social_feed_prompt_warm_melody,10080,false,2026-03-09T07:00:00Z,2026-03-16T07:00:00Z
visiting_vendor_questap25,1440,false,2026-03-14T07:00:00Z,2026-03-15T07:00:00Z
collectible_rhythmicclap,1440,false,2026-03-14T07:00:00Z,2026-03-15T07:00:00Z
collectible_rhythmicclap,1440,false,2026-03-15T07:00:00Z,2026-03-16T07:00:00Z
spiritshopitem_ap06unlock_ap24_fetch_03,99999999,true,2024-10-28T07:00:00Z,
ap29_fetch_04_cuteclap,99999999,true,2026-01-30T08:00:00Z,
spiritshopitem_ap06unlock_ap13_fetch_01,99999999,true,2022-01-17T08:00:00Z,
spiritshopitem_ap06unlock_ap23_fetch_01,99999999,true,2024-07-15T07:00:00Z,
collectible_ohno,1440,false,2026-03-14T07:00:00Z,2026-03-15T07:00:00Z
collectible_questap23_duo,99999999,true,2024-08-12T07:00:00Z,
global_musicshop_sale,99999999,true,2024-11-25T08:00:00Z,
quest_ap19_fetch_05,99999999,true,2023-09-18T07:00:00Z,
quest_ap28_fetch_03,99999999,true,2025-11-03T08:00:00Z,
spiritshopitem_ap06unlock_ap16_fetch_02,99999999,true,2022-10-31T07:00:00Z,
fetch_manta_fertilizer_01,2,false,2026-03-14T18:12:00Z,2026-03-14T18:14:00Z
fetch_manta_fertilizer_01,2,false,2026-03-14T18:16:00Z,2026-03-14T18:18:00Z
fetch_manta_fertilizer_01,2,false,2026-03-14T18:20:00Z,2026-03-14T18:22:00Z
fetch_manta_fertilizer_01,2,false,2026-03-14T18:24:00Z,2026-03-14T18:26:00Z
fetch_manta_fertilizer_01,2,false,2026-03-14T18:28:00Z,2026-03-14T18:30:00Z
fetch_manta_fertilizer_01,2,false,2026-03-14T18:32:00Z,2026-03-14T18:34:00Z
fetch_manta_fertilizer_01,2,false,2026-03-14T18:36:00Z,2026-03-14T18:38:00Z
fetch_manta_fertilizer_01,2,false,2026-03-14T18:40:00Z,2026-03-14T18:42:00Z
fetch_manta_fertilizer_01,2,false,2026-03-14T18:44:00Z,2026-03-14T18:46:00Z
wildlifepark_cycle_day,3,false,2026-03-14T18:15:00Z,2026-03-14T18:18:00Z
wildlifepark_cycle_day,3,false,2026-03-14T18:27:00Z,2026-03-14T18:30:00Z
wildlifepark_cycle_day,3,false,2026-03-14T18:39:00Z,2026-03-14T18:42:00Z
spiritshopitem_ap06unlock_ap18_fetch_03,99999999,true,2023-05-15T07:00:00Z,
collectible_proud,1440,false,2026-03-14T07:00:00Z,2026-03-15T07:00:00Z
social_skyway_speedtube,1439,false,2026-03-14T07:00:00Z,2026-03-15T06:59:00Z
quest_ap18_fetch_01,99999999,true,2023-04-17T07:00:00Z,
aurora_queendom,4,false,2026-03-14T19:54:00Z,2026-03-14T19:58:00Z
spiritshopitem_ap06unlock_ap16_fetch_05,99999999,true,2022-12-09T01:00:00Z,
spiritshopitem_ap06unlock_ap07_fetch_04,99999999,true,2020-08-04T07:00:00Z,
collectible_whisper,110880,false,2026-01-16T08:00:00Z,2026-04-03T08:00:00Z
global_wing_none,99999999,true,2026-01-01T08:00:00Z,
spiritshopitem_ap06unlock_ap17_fetch_05,99999999,true,2023-02-13T08:00:00Z,
skyfest_fireworks_show_medpad,16,false,2026-03-14T18:18:00Z,2026-03-14T18:34:00Z
skyfest_fireworks_show_medpad,16,false,2026-03-14T19:18:00Z,2026-03-14T19:34:00Z
spiritshopitem_ap06unlock_ap12_fetch_05,99999999,true,2021-11-29T08:00:00Z,
aurora_minigame_vote_rotation,2,false,2026-03-14T18:12:00Z,2026-03-14T18:14:00Z
aurora_minigame_vote_rotation,2,false,2026-03-14T18:14:00Z,2026-03-14T18:16:00Z
aurora_minigame_vote_rotation,2,false,2026-03-14T18:16:00Z,2026-03-14T18:18:00Z
aurora_minigame_vote_rotation,2,false,2026-03-14T18:18:00Z,2026-03-14T18:20:00Z
aurora_minigame_vote_rotation,2,false,2026-03-14T18:20:00Z,2026-03-14T18:22:00Z
aurora_minigame_vote_rotation,2,false,2026-03-14T18:22:00Z,2026-03-14T18:24:00Z
aurora_minigame_vote_rotation,2,false,2026-03-14T18:24:00Z,2026-03-14T18:26:00Z
aurora_minigame_vote_rotation,2,false,2026-03-14T18:26:00Z,2026-03-14T18:28:00Z
aurora_minigame_vote_rotation,2,false,2026-03-14T18:28:00Z,2026-03-14T18:30:00Z
aurora_minigame_vote_rotation,2,false,2026-03-14T18:30:00Z,2026-03-14T18:32:00Z
aurora_minigame_vote_rotation,2,false,2026-03-14T18:32:00Z,2026-03-14T18:34:00Z
aurora_minigame_vote_rotation,2,false,2026-03-14T18:34:00Z,2026-03-14T18:36:00Z
aurora_minigame_vote_rotation,2,false,2026-03-14T18:36:00Z,2026-03-14T18:38:00Z
aurora_minigame_vote_rotation,2,false,2026-03-14T18:38:00Z,2026-03-14T18:40:00Z
aurora_minigame_vote_rotation,2,false,2026-03-14T18:40:00Z,2026-03-14T18:42:00Z
aurora_minigame_vote_rotation,2,false,2026-03-14T18:42:00Z,2026-03-14T18:44:00Z
visiting_vendor_questap15,1440,false,2026-03-14T07:00:00Z,2026-03-15T07:00:00Z
quest_competition_sliderace,99999999,true,2024-07-29T07:00:00Z,
aurora_orbit,3,false,2026-03-14T19:50:00Z,2026-03-14T19:53:00Z
quest_ap24_fetch_09,99999999,true,2024-12-02T08:00:00Z,
quest_ap28_fetch_10_bells,99999999,true,2025-12-22T08:00:00Z,
season_27_end_shop,99999999,true,2025-09-06T07:00:00Z,
quest_ap12_fetch_02,99999999,true,2021-10-18T07:00:00Z,
mainstreet_cycle_overcast_day_B,5,false,2026-03-14T18:10:00Z,2026-03-14T18:15:00Z
aurora_eyesofachild_countdown,1,false,2026-03-14T19:45:00Z,2026-03-14T19:46:00Z
spiritshopitem_ap06unlock_ap08_fetch_04,99999998,true,2020-11-09T08:00:00Z,
visiting_vendor_questap09,1440,false,2026-03-14T07:00:00Z,2026-03-15T07:00:00Z
skyfest_fireworks_show_act2,3,false,2026-03-14T18:22:00Z,2026-03-14T18:25:00Z
quest_ap28_fetch_02,99999999,true,2025-10-27T07:00:00Z,
collectible_guard,1440,false,2026-03-14T07:00:00Z,2026-03-15T07:00:00Z
visiting_vendor_questap13,1440,false,2026-03-14T07:00:00Z,2026-03-15T07:00:00Z
quest_ap13_fetch_01,99999999,true,2022-01-17T08:00:00Z,
spiritshopitem_ap06unlock_ap16_fetch_01,99999999,true,2022-10-17T07:00:00Z,
visiting_vendor_ap22_miniquest_house,1440,false,2026-03-13T18:13:00Z,2026-03-14T18:13:00Z
visiting_vendor_ap22_miniquest_house,1440,false,2026-03-13T18:14:00Z,2026-03-14T18:14:00Z
visiting_vendor_ap22_miniquest_house,1440,false,2026-03-13T18:15:00Z,2026-03-14T18:15:00Z
visiting_vendor_ap22_miniquest_house,1440,false,2026-03-13T18:16:00Z,2026-03-14T18:16:00Z
visiting_vendor_ap22_miniquest_house,1440,false,2026-03-13T18:17:00Z,2026-03-14T18:17:00Z
visiting_vendor_ap22_miniquest_house,1440,false,2026-03-13T18:18:00Z,2026-03-14T18:18:00Z
visiting_vendor_ap22_miniquest_house,1440,false,2026-03-13T18:19:00Z,2026-03-14T18:19:00Z
visiting_vendor_ap22_miniquest_house,1440,false,2026-03-13T18:20:00Z,2026-03-14T18:20:00Z
visiting_vendor_ap22_miniquest_house,1440,false,2026-03-13T18:21:00Z,2026-03-14T18:21:00Z
visiting_vendor_ap22_miniquest_house,1440,false,2026-03-13T18:22:00Z,2026-03-14T18:22:00Z
visiting_vendor_ap22_miniquest_house,1440,false,2026-03-13T18:23:00Z,2026-03-14T18:23:00Z
visiting_vendor_ap22_miniquest_house,1440,false,2026-03-13T18:24:00Z,2026-03-14T18:24:00Z
visiting_vendor_ap22_miniquest_house,1440,false,2026-03-13T18:25:00Z,2026-03-14T18:25:00Z
visiting_vendor_ap22_miniquest_house,1440,false,2026-03-13T18:26:00Z,2026-03-14T18:26:00Z
visiting_vendor_ap22_miniquest_house,1440,false,2026-03-13T18:27:00Z,2026-03-14T18:27:00Z
visiting_vendor_ap22_miniquest_house,1440,false,2026-03-13T18:28:00Z,2026-03-14T18:28:00Z
spiritshopitem_ap06unlock_ap16_fetch_04,99999999,true,2022-11-28T08:00:00Z,
quest_ap22_fetch_01,99999999,true,2024-04-15T07:00:00Z,
quest_ap24_sidequest_07,99999999,true,2024-10-14T07:00:00Z,
te_ep_1,15,false,2026-03-14T18:00:00Z,2026-03-14T18:15:00Z
te_ep_1,15,false,2026-03-14T18:20:00Z,2026-03-14T18:35:00Z
te_ep_1,15,false,2026-03-14T18:40:00Z,2026-03-14T18:55:00Z
te_ep_1,15,false,2026-03-14T19:00:00Z,2026-03-14T19:15:00Z
spiritshopitem_ap06unlock_ap07_fetch_05,99999999,true,2020-08-10T07:00:00Z,
quest_ap29_fetch_02,99999999,true,2026-01-17T08:00:00Z,
quest_ap27_fetch_04,99999999,true,2025-08-11T07:00:00Z,
collectible_beacon,1440,false,2026-03-14T07:00:00Z,2026-03-15T07:00:00Z
collectible_revolvingdance,110880,false,2026-01-16T08:00:00Z,2026-04-03T08:00:00Z
quest_ap10_fetch_02,99999999,true,2021-04-19T07:00:00Z,
season_29,110880,false,2026-01-16T08:00:00Z,2026-04-03T08:00:00Z
quest_ap22_miniSocial_01,99999999,true,2024-04-29T07:00:00Z,
global_weekend_shop2,1440,false,2026-04-17T07:00:00Z,2026-04-18T07:00:00Z
global_weekend_shop2,1440,false,2026-05-01T07:00:00Z,2026-05-02T07:00:00Z
social_feed_prompt_hide_seek,44580,false,2026-03-01T08:00:00Z,2026-04-01T07:00:00Z
social_sunsetskater,15,false,2026-03-14T18:00:00Z,2026-03-14T18:15:00Z
spiritshopitem_ap06unlock_ap17_fetch_04,99999999,true,2023-01-30T08:00:00Z,
spiritshopitem_ap06unlock_ap22_miniHouse_02,99999999,true,2024-05-06T07:00:00Z,
spiritshopitem_ap06unlock_ap19_fetch_02,99999999,true,2023-07-31T07:00:00Z,
quest_ap21_fetch_02,99999999,true,2024-01-29T08:00:00Z,
bloom_oasis_rain,4320,false,2026-03-13T07:00:00Z,2026-03-16T07:00:00Z
quest_ap28_fetch_09,99999999,true,2025-12-15T08:00:00Z,
quest_ap24_fetch_01,99999999,true,2024-10-14T07:00:00Z,
collectible_twirl,1440,false,2026-03-14T07:00:00Z,2026-03-15T07:00:00Z
collectible_twirl,1440,false,2026-03-15T07:00:00Z,2026-03-16T07:00:00Z
visiting_vendor_grumpy,5760,false,2026-03-12T07:00:00Z,2026-03-16T07:00:00Z
global_bloom_2026_plant,4320,false,2026-03-13T07:00:00Z,2026-03-16T07:00:00Z
spiritshopitem_ap06unlock_ap10_fetch_02,99999999,true,2021-04-19T07:00:00Z,
spiritshopitem_ap06unlock_ap17_fetch_06,99999999,true,2023-02-13T08:00:00Z,
quest_ap23_fetch_05,99999999,true,2024-09-09T07:00:00Z,
spiritshopitem_ap06unlock_ap14_fetch_05,99999999,true,2022-06-06T07:00:00Z,
global_merchandise_sleep,4320,false,2026-03-14T01:00:00Z,2026-03-17T01:00:00Z
collectible_handstand,1440,false,2026-03-14T07:00:00Z,2026-03-15T07:00:00Z
quest_ap27_manatee_01,99999999,true,2025-08-29T07:00:00Z,
spiritshopitem_ap06unlock_ap09_fetch_02,99999999,true,2021-01-11T08:00:00Z,
quest_ap29_fetch_06,99999999,true,2026-02-13T08:00:00Z,
quest_ap24_sidequest_02,99999999,true,2024-10-14T07:00:00Z,
collectible_float,1440,false,2026-03-14T07:00:00Z,2026-03-15T07:00:00Z
spiritshopitem_ap06unlock_ap13_fetch_04,99999999,true,2022-02-14T08:00:00Z,
spiritshopitem_ap06unlock_ap26_fetch_01,99999999,true,2025-04-21T07:00:00Z,
social_turtle_on,99999999,true,2022-04-18T07:00:00Z,
quest_ap20_fetch_06,99999999,true,2023-11-27T08:00:00Z,
spiritshopitem_ap06unlock_ap11_fetch_02,99999999,true,2021-07-15T07:00:00Z,
spiritshopitem_ap06unlock_ap15_fetch_01,99999999,true,2022-07-11T07:00:00Z,
spiritshopitem_ap06unlock_ap15_fetch_05,99999999,true,2022-09-02T07:00:00Z,
quest_ap24_fetch_12,99999999,true,2024-12-09T08:00:00Z,
quest_ap21_fetch_05,99999999,true,2024-03-11T07:00:00Z,
spiritshopitem_ap06unlock_ap22_fetch_03,99999999,true,2024-04-29T07:00:00Z,
season_21_deersummon,25,false,2026-03-14T18:00:00Z,2026-03-14T18:25:00Z
season_21_deersummon,25,false,2026-03-14T18:30:00Z,2026-03-14T18:55:00Z
season_21_deersummon,25,false,2026-03-14T19:00:00Z,2026-03-14T19:25:00Z
quest_ap21_fetch_05_part02,99999999,true,2024-03-11T07:00:00Z,
global_bloom_2025_4,4320,false,2026-03-22T07:00:00Z,2026-03-25T07:00:00Z
quest_ap26_fetch_01,99999999,true,2025-04-21T07:00:00Z,
quest_ap27_fetch_02_part2,99999999,true,2025-07-28T07:00:00Z,
te_ep_4,15,false,2026-03-14T18:15:00Z,2026-03-14T18:30:00Z
te_ep_4,15,false,2026-03-14T18:35:00Z,2026-03-14T18:50:00Z
te_ep_4,15,false,2026-03-14T18:55:00Z,2026-03-14T19:10:00Z
visiting_vendor_questap21,1440,false,2026-03-14T07:00:00Z,2026-03-15T07:00:00Z
ap29_fetch_06_cuteclap,99999999,true,2026-02-13T08:00:00Z,
spiritshopitem_ap06unlock_ap23_fetch_02,99999999,true,2024-07-29T07:00:00Z,
quest_ap29_fetch_10,99999999,true,2026-03-13T07:00:00Z,
visiting_vendor_questap23,1440,false,2026-03-14T07:00:00Z,2026-03-15T07:00:00Z
snake_coin,1,false,2026-03-14T18:12:00Z,2026-03-14T18:13:00Z
snake_coin,1,false,2026-03-14T18:13:00Z,2026-03-14T18:14:00Z
snake_coin,1,false,2026-03-14T18:14:00Z,2026-03-14T18:15:00Z
snake_coin,1,false,2026-03-14T18:15:00Z,2026-03-14T18:16:00Z
snake_coin,1,false,2026-03-14T18:16:00Z,2026-03-14T18:17:00Z
snake_coin,1,false,2026-03-14T18:17:00Z,2026-03-14T18:18:00Z
snake_coin,1,false,2026-03-14T18:18:00Z,2026-03-14T18:19:00Z
snake_coin,1,false,2026-03-14T18:19:00Z,2026-03-14T18:20:00Z
snake_coin,1,false,2026-03-14T18:20:00Z,2026-03-14T18:21:00Z
snake_coin,1,false,2026-03-14T18:21:00Z,2026-03-14T18:22:00Z
snake_coin,1,false,2026-03-14T18:22:00Z,2026-03-14T18:23:00Z
snake_coin,1,false,2026-03-14T18:23:00Z,2026-03-14T18:24:00Z
snake_coin,1,false,2026-03-14T18:24:00Z,2026-03-14T18:25:00Z
snake_coin,1,false,2026-03-14T18:25:00Z,2026-03-14T18:26:00Z
snake_coin,1,false,2026-03-14T18:26:00Z,2026-03-14T18:27:00Z
snake_coin,1,false,2026-03-14T18:27:00Z,2026-03-14T18:28:00Z
quest_ap22_fetch_03,99999999,true,2024-04-29T07:00:00Z,
fireworks_show_medpad,16,false,2026-04-01T07:00:00Z,2026-04-01T07:16:00Z
fireworks_show_medpad,16,false,2026-12-31T08:00:00Z,2026-12-31T08:16:00Z
fireworks_show_medpad,16,false,2027-01-01T08:00:00Z,2027-01-01T08:16:00Z
visiting_vendor_questap08,1440,false,2026-03-14T07:00:00Z,2026-03-15T07:00:00Z
quest_ap27_fetch_05,99999999,true,2025-08-29T07:00:00Z,
global_bloom_2026_harvest,2880,false,2026-04-01T07:00:00Z,2026-04-03T07:00:00Z
personality_quiz_evergreen,99999999,true,2026-01-09T08:00:00Z,
skyfest_soundbath,9999999,true,2025-07-07T07:00:00Z,
global_bloom_2023,30240,false,2026-03-13T07:00:00Z,2026-04-03T07:00:00Z
collectible_nothanks,1440,false,2026-03-14T07:00:00Z,2026-03-15T07:00:00Z
spiritshopitem_ap06unlock_ap22_miniShop_01,99999999,true,2024-04-29T07:00:00Z,
quest_ap10_fetch_03,99999999,true,2021-05-03T07:00:00Z,
spiritshopitem_ap06unlock_ap26_fetch_05,99999999,true,2025-06-16T07:00:00Z,
quest_nature_vortex1,99999999,true,2023-04-20T07:00:00Z,
ap18_ritual_03,1,false,2026-03-14T18:15:00Z,2026-03-14T18:16:00Z
ap18_ritual_03,1,false,2026-03-14T18:30:00Z,2026-03-14T18:31:00Z
ap18_ritual_03,1,false,2026-03-14T18:45:00Z,2026-03-14T18:46:00Z
quest_ap18_fetch_04,99999999,true,2023-06-01T07:00:00Z,
feast_teatable_rotation,6,false,2026-03-14T18:12:00Z,2026-03-14T18:18:00Z
feast_teatable_rotation,6,false,2026-03-14T18:18:00Z,2026-03-14T18:24:00Z
feast_teatable_rotation,6,false,2026-03-14T18:24:00Z,2026-03-14T18:30:00Z
feast_teatable_rotation,6,false,2026-03-14T18:30:00Z,2026-03-14T18:36:00Z
feast_teatable_rotation,6,false,2026-03-14T18:36:00Z,2026-03-14T18:42:00Z
feast_teatable_rotation,6,false,2026-03-14T18:42:00Z,2026-03-14T18:48:00Z
quest_ap22_miniShop_02,99999999,true,2024-05-20T07:00:00Z,
spiritshopitem_ap06unlock_ap11_fetch_05,99999999,true,2021-08-11T07:00:00Z,
quest_scavenger_spirit_beachday1,1440,false,2026-03-14T07:00:00Z,2026-03-15T07:00:00Z
collectible_strong,1440,false,2026-03-14T07:00:00Z,2026-03-15T07:00:00Z
quest_ap14_fetch_01,99999999,true,2022-04-11T07:00:00Z,
ap29_fetch_09_secret,99999999,true,2026-03-06T08:00:00Z,
quest_ap25_fetch_02,99999999,true,2025-02-03T08:00:00Z,
spiritshopitem_ap06unlock_ap20_fetch_03,99999999,true,2023-10-30T07:00:00Z,
sunset_village_spell_shop,99999999,true,2022-12-19T08:00:00Z,
visiting_vendor_questap26,1440,false,2026-03-14T07:00:00Z,2026-03-15T07:00:00Z
quest_ap29_fetch_04,99999999,true,2026-01-30T08:00:00Z,
skyfest_fireworks_show_act3,1,false,2026-03-14T18:25:00Z,2026-03-14T18:26:00Z
ap29_fetch_11_whisper,99999999,true,2026-03-20T07:00:00Z,
ap18_ritual_03_audience_lobby,7,false,2026-03-14T18:08:00Z,2026-03-14T18:15:00Z
ap18_ritual_03_audience_lobby,7,false,2026-03-14T18:23:00Z,2026-03-14T18:30:00Z
ap18_ritual_03_audience_lobby,7,false,2026-03-14T18:38:00Z,2026-03-14T18:45:00Z
ap18_ritual_03_audience_lobby,7,false,2026-03-14T18:53:00Z,2026-03-14T19:00:00Z
spiritshopitem_ap06unlock_ap19_fetch_03,99999999,true,2023-08-14T07:00:00Z,
season_06_ever_started,99999999,true,2020-04-20T07:00:00Z,
bloom_crabvoice_oasis,30240,false,2026-03-13T07:00:00Z,2026-04-03T07:00:00Z
quest_ap19_fetch_02,99999999,true,2023-07-31T07:00:00Z,
survey_cosmetics_0_32_5,11520,false,2026-03-12T07:00:00Z,2026-03-20T07:00:00Z
quest_ap22_miniHouse_01,99999999,true,2024-04-29T07:00:00Z,
spiritshopitem_ap06unlock_ap18_fetch_02,99999999,true,2023-05-01T07:00:00Z,
quest_ap28_fetch_03_bells,99999999,true,2025-11-03T08:00:00Z,
quest_ap23_fetch_01,99999999,true,2024-07-15T07:00:00Z,
spiritshopitem_ap06unlock_ap24_fetch_01,99999999,true,2024-10-14T07:00:00Z,
collectible_manta,1440,false,2026-03-14T07:00:00Z,2026-03-15T07:00:00Z
spiritshopitem_ap06unlock_ap14_fetch_03,99999999,true,2022-05-09T07:00:00Z,
wildlifepark_cycle_morning,2,false,2026-03-14T18:12:00Z,2026-03-14T18:14:00Z
wildlifepark_cycle_morning,2,false,2026-03-14T18:24:00Z,2026-03-14T18:26:00Z
wildlifepark_cycle_morning,2,false,2026-03-14T18:36:00Z,2026-03-14T18:38:00Z
quest_ap18_fetch_02,99999999,true,2023-05-01T07:00:00Z,
quest_ap17_fetch_09,99999999,true,2023-03-20T07:00:00Z,
ap18_ritual_04,1,false,2026-03-14T18:15:00Z,2026-03-14T18:16:00Z
ap18_ritual_04,1,false,2026-03-14T18:30:00Z,2026-03-14T18:31:00Z
ap18_ritual_04,1,false,2026-03-14T18:45:00Z,2026-03-14T18:46:00Z
bloom_carry_oasis,30240,false,2026-03-13T07:00:00Z,2026-04-03T07:00:00Z
spiritshopitem_ap06unlock_ap09_fetch_03,99999999,true,2021-01-25T08:00:00Z,
enable_dye_shop,99999999,true,2025-08-28T07:00:00Z,
spiritshopitem_ap06unlock_ap08_fetch_03,99999999,true,2020-10-26T07:00:00Z,
quest_ap24_sidequest_06,99999999,true,2024-10-14T07:00:00Z,
collectible_brave,1440,false,2026-03-14T07:00:00Z,2026-03-15T07:00:00Z
spiritshopitem_ap06unlock_ap22_miniHouse_01,99999999,true,2024-04-29T07:00:00Z,
quest_tgc_office_travis,1440,false,2026-03-14T07:00:00Z,2026-03-15T07:00:00Z
spiritshopitem_ap06unlock_ap24_fetch_09,99999999,true,2024-12-02T08:00:00Z,
quest_ap12_fetch_04,99999999,true,2021-11-15T08:00:00Z,
spiritshopitem_ap06unlock_ap15_fetch_06,99999999,true,2022-09-16T07:00:00Z,
event_rain_tcandles3,1440,false,2026-03-14T07:00:00Z,2026-03-15T07:00:00Z
collectible_secrethandshake,110880,false,2026-01-16T08:00:00Z,2026-04-03T08:00:00Z
quest_ap29_fetch_12,99999999,true,2026-03-27T07:00:00Z,
radiant_darkstone_spawn,59,false,2026-03-14T18:00:00Z,2026-03-14T18:59:00Z
bloom_tripleaxel_oasis,30240,false,2026-03-13T07:00:00Z,2026-04-03T07:00:00Z
quest_ap26_fetch_03,99999999,true,2025-05-19T07:00:00Z,
spiritshopitem_ap06unlock_ap20_fetch_07,99999999,true,2023-12-04T08:00:00Z,
spiritshopitem_ap06unlock_ap21_fetch_03,99999999,true,2024-02-12T08:00:00Z,
ap18_ritual_05_audience_lobby,7,false,2026-03-14T18:08:00Z,2026-03-14T18:15:00Z
ap18_ritual_05_audience_lobby,7,false,2026-03-14T18:23:00Z,2026-03-14T18:30:00Z
ap18_ritual_05_audience_lobby,7,false,2026-03-14T18:38:00Z,2026-03-14T18:45:00Z
ap18_ritual_05_audience_lobby,7,false,2026-03-14T18:53:00Z,2026-03-14T19:00:00Z
spiritshopitem_ap06unlock_ap13_fetch_05,99999999,true,2022-03-07T08:00:00Z,
spiritshopitem_ap06unlock_ap07_fetch_01,99999999,true,2020-07-13T07:00:00Z,
stormy_dusk,1440,false,2026-03-14T07:00:00Z,2026-03-15T07:00:00Z
dusk_embersanctuary_on,99999999,true,2025-08-29T07:00:00Z,
quest_ap28_fetch_08_bells,99999999,true,2025-12-08T08:00:00Z,
visiting_vendor_questap20,1440,false,2026-03-14T07:00:00Z,2026-03-15T07:00:00Z
quest_ap19_fetch_01,99999999,true,2023-07-17T07:00:00Z,
spiritshopitem_ap06unlock_ap14_fetch_01,99999999,true,2022-04-11T07:00:00Z,
quest_ap28_fetch_02_bells,99999999,true,2025-10-27T07:00:00Z,
wildlifepark_cycle_not_night_hint,8,false,2026-03-14T18:12:00Z,2026-03-14T18:20:00Z
wildlifepark_cycle_not_night_hint,8,false,2026-03-14T18:24:00Z,2026-03-14T18:32:00Z
wildlifepark_cycle_not_night_hint,8,false,2026-03-14T18:36:00Z,2026-03-14T18:44:00Z
quest_cafe_serving,99999999,true,2024-04-27T07:00:00Z,
social_eelwatercreature,1439,false,2026-03-14T07:00:00Z,2026-03-15T06:59:00Z
quest_ap23_fetch_04,99999999,true,2024-08-26T07:00:00Z,
collectible_laugh,1440,false,2026-03-14T07:00:00Z,2026-03-15T07:00:00Z
visiting_vendor_ap22_miniquest_shop,1440,false,2026-03-13T18:13:00Z,2026-03-14T18:13:00Z
visiting_vendor_ap22_miniquest_shop,1440,false,2026-03-13T18:14:00Z,2026-03-14T18:14:00Z
visiting_vendor_ap22_miniquest_shop,1440,false,2026-03-13T18:15:00Z,2026-03-14T18:15:00Z
visiting_vendor_ap22_miniquest_shop,1440,false,2026-03-13T18:16:00Z,2026-03-14T18:16:00Z
visiting_vendor_ap22_miniquest_shop,1440,false,2026-03-13T18:17:00Z,2026-03-14T18:17:00Z
visiting_vendor_ap22_miniquest_shop,1440,false,2026-03-13T18:18:00Z,2026-03-14T18:18:00Z
visiting_vendor_ap22_miniquest_shop,1440,false,2026-03-13T18:19:00Z,2026-03-14T18:19:00Z
visiting_vendor_ap22_miniquest_shop,1440,false,2026-03-13T18:20:00Z,2026-03-14T18:20:00Z
visiting_vendor_ap22_miniquest_shop,1440,false,2026-03-13T18:21:00Z,2026-03-14T18:21:00Z
visiting_vendor_ap22_miniquest_shop,1440,false,2026-03-13T18:22:00Z,2026-03-14T18:22:00Z
visiting_vendor_ap22_miniquest_shop,1440,false,2026-03-13T18:23:00Z,2026-03-14T18:23:00Z
visiting_vendor_ap22_miniquest_shop,1440,false,2026-03-13T18:24:00Z,2026-03-14T18:24:00Z
visiting_vendor_ap22_miniquest_shop,1440,false,2026-03-13T18:25:00Z,2026-03-14T18:25:00Z
visiting_vendor_ap22_miniquest_shop,1440,false,2026-03-13T18:26:00Z,2026-03-14T18:26:00Z
visiting_vendor_ap22_miniquest_shop,1440,false,2026-03-13T18:27:00Z,2026-03-14T18:27:00Z
visiting_vendor_ap22_miniquest_shop,1440,false,2026-03-13T18:28:00Z,2026-03-14T18:28:00Z
collectible_scared,1440,false,2026-03-14T07:00:00Z,2026-03-15T07:00:00Z
ap29_fetch_01_revolvingdance,99999999,true,2026-01-16T08:00:00Z,
spiritshopitem_ap06unlock_ap14_fetch_04,99999999,true,2022-05-23T07:00:00Z,
te_ep_3,15,false,2026-03-14T18:10:00Z,2026-03-14T18:25:00Z
te_ep_3,15,false,2026-03-14T18:30:00Z,2026-03-14T18:45:00Z
te_ep_3,15,false,2026-03-14T18:50:00Z,2026-03-14T19:05:00Z
quest_ap28_fetch_07_bells,99999999,true,2025-12-01T08:00:00Z,
spiritshopitem_ap06unlock_ap18_fetch_04,99999999,true,2023-06-01T07:00:00Z,
quest_sunset_flyrace,1440,false,2026-03-14T07:00:00Z,2026-03-15T07:00:00Z
visiting_vendor_questap14,1440,false,2026-03-14T07:00:00Z,2026-03-15T07:00:00Z
wildlifepark_cycle_overcast_night,1,false,2026-03-14T18:20:00Z,2026-03-14T18:21:00Z
wildlifepark_cycle_overcast_night,1,false,2026-03-14T18:32:00Z,2026-03-14T18:33:00Z
wildlifepark_cycle_overcast_night,1,false,2026-03-14T18:44:00Z,2026-03-14T18:45:00Z
collectible_love,1440,false,2026-03-14T07:00:00Z,2026-03-15T07:00:00Z
quest_ap17_fetch_01,99999999,true,2023-01-16T08:00:00Z,
quest_ap16_fetch_03,99999999,true,2022-11-14T08:00:00Z,
global_bloom_shop,30240,false,2026-03-13T07:00:00Z,2026-04-03T07:00:00Z
visiting_vendor_ap22_miniquest_social,1440,false,2026-03-13T18:13:00Z,2026-03-14T18:13:00Z
visiting_vendor_ap22_miniquest_social,1440,false,2026-03-13T18:14:00Z,2026-03-14T18:14:00Z
visiting_vendor_ap22_miniquest_social,1440,false,2026-03-13T18:15:00Z,2026-03-14T18:15:00Z
visiting_vendor_ap22_miniquest_social,1440,false,2026-03-13T18:16:00Z,2026-03-14T18:16:00Z
visiting_vendor_ap22_miniquest_social,1440,false,2026-03-13T18:17:00Z,2026-03-14T18:17:00Z
visiting_vendor_ap22_miniquest_social,1440,false,2026-03-13T18:18:00Z,2026-03-14T18:18:00Z
visiting_vendor_ap22_miniquest_social,1440,false,2026-03-13T18:19:00Z,2026-03-14T18:19:00Z
visiting_vendor_ap22_miniquest_social,1440,false,2026-03-13T18:20:00Z,2026-03-14T18:20:00Z
visiting_vendor_ap22_miniquest_social,1440,false,2026-03-13T18:21:00Z,2026-03-14T18:21:00Z
visiting_vendor_ap22_miniquest_social,1440,false,2026-03-13T18:22:00Z,2026-03-14T18:22:00Z
visiting_vendor_ap22_miniquest_social,1440,false,2026-03-13T18:23:00Z,2026-03-14T18:23:00Z
visiting_vendor_ap22_miniquest_social,1440,false,2026-03-13T18:24:00Z,2026-03-14T18:24:00Z
visiting_vendor_ap22_miniquest_social,1440,false,2026-03-13T18:25:00Z,2026-03-14T18:25:00Z
visiting_vendor_ap22_miniquest_social,1440,false,2026-03-13T18:26:00Z,2026-03-14T18:26:00Z
visiting_vendor_ap22_miniquest_social,1440,false,2026-03-13T18:27:00Z,2026-03-14T18:27:00Z
visiting_vendor_ap22_miniquest_social,1440,false,2026-03-13T18:28:00Z,2026-03-14T18:28:00Z
quest_ap26_fetch_02,99999999,true,2025-05-05T07:00:00Z,
collectible_pray,1440,false,2026-03-14T07:00:00Z,2026-03-15T07:00:00Z
spiritshopitem_ap06unlock_ap13_fetch_03,99999999,true,2022-01-31T08:00:00Z,
quest_ap17_fetch_07,99999999,true,2023-02-27T08:00:00Z,
quest_ap24_fetch_08,99999999,true,2024-11-25T08:00:00Z,
visiting_vendor_questap28,1440,false,2026-03-14T07:00:00Z,2026-03-15T07:00:00Z
season_b_prairie_candles1,1440,false,2026-03-14T07:00:00Z,2026-03-15T07:00:00Z
quest_ap24_sidequest_01,99999999,true,2024-10-14T07:00:00Z,
global_daily_reset_time,1440,false,2026-03-14T07:00:00Z,2026-03-15T07:00:00Z
global_daily_reset_time,1440,false,2026-03-15T07:00:00Z,2026-03-16T07:00:00Z
visiting_vendor_questap29,1440,false,2026-03-14T07:00:00Z,2026-03-15T07:00:00Z
quest_nature_vortex2,99999999,true,2023-04-20T07:00:00Z,
quest_ap19_fetch_04,99999999,true,2023-08-28T07:00:00Z,
fireworks_show_act1,3,false,2026-04-01T07:10:00Z,2026-04-01T07:13:00Z
fireworks_show_act1,3,false,2026-12-31T08:10:00Z,2026-12-31T08:13:00Z
fireworks_show_act1,3,false,2027-01-01T08:10:00Z,2027-01-01T08:13:00Z
bloom_lazycool,24480,false,2026-03-14T07:00:00Z,2026-03-31T07:00:00Z
collectible_sorry,1440,false,2026-03-14T07:00:00Z,2026-03-15T07:00:00Z
ap29_fetch_12_whisper,99999999,true,2026-03-27T07:00:00Z,
bloom_doublefive_oasis,30240,false,2026-03-13T07:00:00Z,2026-04-03T07:00:00Z
gen_shop_daily_reset,0,false,2026-03-15T07:00:00Z,2026-03-15T07:00:00Z
visiting_vendor_questap07,1440,false,2026-03-14T07:00:00Z,2026-03-15T07:00:00Z
global_home_spellshop,30240,false,2026-03-14T01:00:00Z,2026-04-04T01:00:00Z
bloom_2022_bud,4320,false,2026-03-13T07:00:00Z,2026-03-16T07:00:00Z
wildlifepark_cycle_overcast_day,1,false,2026-03-14T18:14:00Z,2026-03-14T18:15:00Z
wildlifepark_cycle_overcast_day,1,false,2026-03-14T18:26:00Z,2026-03-14T18:27:00Z
wildlifepark_cycle_overcast_day,1,false,2026-03-14T18:38:00Z,2026-03-14T18:39:00Z
quest_ap26_fetch_04,99999999,true,2025-06-02T07:00:00Z,
aurora_softinside_countdown,1,false,2026-03-14T19:25:00Z,2026-03-14T19:26:00Z
collectible_force,1440,false,2026-03-14T07:00:00Z,2026-03-15T07:00:00Z
weekly_prop_rotation_10,10080,false,2026-03-13T07:00:00Z,2026-03-20T07:00:00Z
collectible_thumbsup,1440,false,2026-03-14T07:00:00Z,2026-03-15T07:00:00Z
aurora_runaway_wrap,2,false,2026-03-14T19:23:00Z,2026-03-14T19:25:00Z
quest_ap17_fetch_05,99999999,true,2023-02-13T08:00:00Z,
quest_ap20_fetch_02,99999999,true,2023-10-23T07:00:00Z,
aurora_minigame_3,12,false,2026-03-14T18:30:00Z,2026-03-14T18:42:00Z
spiritshopitem_ap06unlock_ap27_fetch_02,99999999,true,2025-07-28T07:00:00Z,
spiritshopitem_ap06unlock_ap12_fetch_04,99999999,true,2021-11-15T08:00:00Z,
quest_ap28_fetch_09_bells,99999999,true,2025-12-15T08:00:00Z,
event_rain_tcandle_master,1440,false,2026-03-14T07:00:00Z,2026-03-15T07:00:00Z
spiritshopitem_ap06unlock_ap25_fetch_05,99999999,true,2025-03-17T07:00:00Z,
quest_competition_flyrace,99999999,true,2024-07-29T07:00:00Z,
spiritshopitem_ap06unlock_ap22_fetch_05,99999999,true,2024-06-10T07:00:00Z,
ap18_ritual_05,1,false,2026-03-14T18:15:00Z,2026-03-14T18:16:00Z
ap18_ritual_05,1,false,2026-03-14T18:30:00Z,2026-03-14T18:31:00Z
ap18_ritual_05,1,false,2026-03-14T18:45:00Z,2026-03-14T18:46:00Z
quest_ap17_fetch_03,99999999,true,2023-01-30T08:00:00Z,
aurora_soundbath_session,9,false,2026-03-14T18:10:00Z,2026-03-14T18:19:00Z
aurora_soundbath_session,9,false,2026-03-14T18:20:00Z,2026-03-14T18:29:00Z
aurora_soundbath_session,9,false,2026-03-14T18:30:00Z,2026-03-14T18:39:00Z
aurora_soundbath_session,9,false,2026-03-14T18:40:00Z,2026-03-14T18:49:00Z
aurora_soundbath_session,9,false,2026-03-14T18:50:00Z,2026-03-14T18:59:00Z
spiritshopitem_ap06unlock_ap18_fetch_05,99999999,true,2023-06-12T07:00:00Z,
collectible_lighthorn,1440,false,2026-03-14T07:00:00Z,2026-03-15T07:00:00Z
collectible_lighthorn,1440,false,2026-03-15T07:00:00Z,2026-03-16T07:00:00Z
spiritshopitem_ap06unlock_ap26_fetch_02,99999999,true,2025-05-05T07:00:00Z,
skyfest_gallerydawn,1440,false,2026-03-14T07:00:00Z,2026-03-15T07:00:00Z
global_mainstreet,99999999,true,2023-11-27T08:00:00Z,
spiritshopitem_ap06unlock_ap27_fetch_04,99999999,true,2025-08-11T07:00:00Z,
global_bloom_2026_wither,2880,false,2026-03-30T07:00:00Z,2026-04-01T07:00:00Z
visiting_vendor_questap19,1440,false,2026-03-14T07:00:00Z,2026-03-15T07:00:00Z
global_office_shop,99999999,true,2025-07-07T07:00:00Z,
quest_ap28_fetch_08,99999999,true,2025-12-08T08:00:00Z,
spiritshopitem_ap06unlock_ap17_fetch_08,99999999,true,2023-02-27T08:00:00Z,
visiting_vendor_questap16,1440,false,2026-03-14T07:00:00Z,2026-03-15T07:00:00Z
global_feast_wonderland,99999999,true,2024-12-23T08:00:00Z,
spiritshopitem_ap06unlock_ap10_fetch_04,99999999,true,2021-05-10T07:00:00Z,
spiritshopitem_ap06unlock_ap17_fetch_03,99999999,true,2023-01-30T08:00:00Z,
quest_ap29_fetch_03,99999999,true,2026-01-23T08:00:00Z,
quest_ap16_fetch_04,99999999,true,2022-11-28T08:00:00Z,
aurora_warrior,4,false,2026-03-14T19:34:00Z,2026-03-14T19:38:00Z
wing_buff_conversion_period,10080,false,2026-03-08T08:00:00Z,2026-03-15T08:00:00Z
quest_ap27_fetch_02,99999999,true,2025-07-28T07:00:00Z,
weekly_dye_rotation_03,10080,false,2026-03-13T07:00:00Z,2026-03-20T07:00:00Z
quest_ap29_fetch_07,99999999,true,2026-02-20T08:00:00Z,
quest_ap21_fetch_03,99999999,true,2024-02-12T08:00:00Z,
quest_nature_vortex3,99999999,true,2023-04-20T07:00:00Z,
quest_ap18_fetch_03,99999999,true,2023-05-15T07:00:00Z,
spiritshopitem_ap06unlock_ap26_fetch_04,99999999,true,2025-06-02T07:00:00Z,
aurora_exhaleinhale,4,false,2026-03-14T19:12:00Z,2026-03-14T19:16:00Z
spiritshopitem_ap06unlock_ap25_fetch_02,99999999,true,2025-02-03T08:00:00Z,
aurora_concert_countdown,2,false,2026-03-14T19:10:00Z,2026-03-14T19:12:00Z
spiritshopitem_ap06unlock_ap22_miniSocial_01,99999999,true,2024-04-29T07:00:00Z,
quest_ap23_fetch_03,99999999,true,2024-08-12T07:00:00Z,
spiritshopitem_ap06unlock_ap11_fetch_07,99999999,true,2021-08-30T07:00:00Z,
spiritshopitem_ap06unlock_ap08_fetch_02,99999999,true,2020-10-12T07:00:00Z,
bloom_2024_flutterslow,10080,false,2026-03-13T07:00:00Z,2026-03-20T07:00:00Z
quest_ap10_fetch_05,99999999,true,2021-05-17T07:00:00Z,
quest_ap29_fetch_09,99999999,true,2026-03-06T08:00:00Z,
collectible_cheer,1440,false,2026-03-14T07:00:00Z,2026-03-15T07:00:00Z
ap29_fetch_03_revolvingdance,99999999,true,2026-01-23T08:00:00Z,
visiting_vendor_questap11,1440,false,2026-03-14T07:00:00Z,2026-03-15T07:00:00Z
spiritshopitem_ap06unlock_ap24_fetch_11,99999999,true,2024-12-09T08:00:00Z,
projector_ember_p1,1440,false,2026-03-14T07:00:00Z,2026-03-15T07:00:00Z
projector_ember_p1,1440,false,2026-03-15T07:00:00Z,2026-03-16T07:00:00Z
aurora_warrior_countdown,1,false,2026-03-14T19:33:00Z,2026-03-14T19:34:00Z
collectible_yawn,1440,false,2026-03-14T07:00:00Z,2026-03-15T07:00:00Z
quest_ap20_fetch_05,99999999,true,2023-11-20T08:00:00Z,
spiritshopitem_ap06unlock_ap20_fetch_08,99999999,true,2023-12-18T08:00:00Z,
spiritshopitem_ap06unlock_fetch_dawn,99999999,true,2020-05-04T07:00:00Z,
spiritshopitem_ap06unlock_ap09_fetch_01,99999999,true,2021-01-04T08:00:00Z,
quest_scavenger_spirit_rockcollection1,1440,false,2026-03-14T07:00:00Z,2026-03-15T07:00:00Z
spiritshopitem_ap06unlock_ap17_fetch_01,99999999,true,2023-01-16T08:00:00Z,
spiritshopitem_ap06unlock_ap11_fetch_01,99999999,true,2021-07-06T07:00:00Z,
quest_ap14_fetch_05,99999999,true,2022-06-06T07:00:00Z,
spiritshopitem_ap06unlock_ap10_fetch_03,99999999,true,2021-05-03T07:00:00Z,
quest_ap09_fetch_02,99999999,true,2021-01-11T08:00:00Z,
bloom_doublefive,25920,false,2026-03-13T07:00:00Z,2026-03-31T07:00:00Z
collectible_cough,99999999,true,2025-04-21T07:00:00Z,
quest_ap14_fetch_02,99999999,true,2022-04-25T07:00:00Z,
ap29_fetch_02_revolvingdance,99999999,true,2026-01-17T08:00:00Z,
quest_ap10_fetch_06,99999999,true,2021-05-31T07:00:00Z,
spiritshopitem_ap06unlock_ap22_fetch_04,99999999,true,2024-05-27T07:00:00Z,
spiritshopitem_ap06unlock_ap20_fetch_04,99999999,true,2023-11-13T08:00:00Z,
quest_ap24_fetch_03,99999999,true,2024-10-28T07:00:00Z,
spiritshopitem_ap06unlock_ap22_miniHouse_03,99999999,true,2024-05-27T07:00:00Z,
aurora_minigame_4,12,false,2026-03-14T18:45:00Z,2026-03-14T18:57:00Z
bloom_2023_waxbutterfly,30,false,2026-03-20T07:00:00Z,2026-03-20T07:30:00Z
spiritshopitem_ap06unlock_ap12_fetch_02,99999999,true,2021-10-18T07:00:00Z,
quest_ap28_fetch_10,99999999,true,2025-12-22T08:00:00Z,
quest_ap24_fetch_11,99999999,true,2024-12-09T08:00:00Z,
quest_ap22_miniShop_03,99999999,true,2024-06-10T07:00:00Z,
elder_sanctuary_patrol,1,false,2026-03-14T18:20:00Z,2026-03-14T18:21:00Z
elder_sanctuary_patrol,1,false,2026-03-14T18:40:00Z,2026-03-14T18:41:00Z
spiritshopitem_ap06unlock_ap20_fetch_06,99999999,true,2023-11-27T08:00:00Z,
quest_ap24_fetch_06,99999999,true,2024-11-11T08:00:00Z,
spiritshopitem_ap06unlock_ap15_fetch_02,99999999,true,2022-07-19T07:00:00Z,
ap18_ritual_02_audience_lobby,7,false,2026-03-14T18:08:00Z,2026-03-14T18:15:00Z
ap18_ritual_02_audience_lobby,7,false,2026-03-14T18:23:00Z,2026-03-14T18:30:00Z
ap18_ritual_02_audience_lobby,7,false,2026-03-14T18:38:00Z,2026-03-14T18:45:00Z
ap18_ritual_02_audience_lobby,7,false,2026-03-14T18:53:00Z,2026-03-14T19:00:00Z
global_bloom_2026_grow_3,14400,false,2026-03-20T07:00:00Z,2026-03-30T07:00:00Z
global_bloom_2025_3,4320,false,2026-03-19T07:00:00Z,2026-03-22T07:00:00Z
quest_ap27_fetch_01,99999999,true,2025-07-21T07:00:00Z,
social_wax_on,99999999,true,2021-09-01T07:00:00Z,
global_weekend_shop,1440,false,2026-03-14T07:00:00Z,2026-03-15T07:00:00Z
global_weekend_shop,1440,false,2026-03-15T07:00:00Z,2026-03-16T07:00:00Z
spiritshopitem_ap06unlock_ap12_fetch_03,99999999,true,2021-11-01T07:00:00Z,
quest_ap24_fetch_07,99999999,true,2024-11-25T08:00:00Z,
spiritshopitem_ap06unlock_ap20_fetch_10,99999999,true,2023-12-25T08:00:00Z,
social_dusk_embersanctuary,1439,false,2026-03-14T07:00:00Z,2026-03-15T06:59:00Z
spiritshopitem_ap06unlock_ap07_fetch_06,99999999,true,2020-09-08T07:00:00Z,
mainstreet_cycle_sunset_B,10,false,2026-03-14T18:40:00Z,2026-03-14T18:50:00Z
collectible_backflip,1440,false,2026-03-14T07:00:00Z,2026-03-15T07:00:00Z
quest_ap28_fetch_05,99999999,true,2025-11-17T08:00:00Z,
spiritshopitem_ap06unlock_ap09_fetch_05,99999999,true,2021-02-15T08:00:00Z,
spiritshopitem_ap06unlock_ap22_miniSocial_03,99999999,true,2024-06-03T07:00:00Z,
quest_ap22_fetch_04,99999999,true,2024-05-27T07:00:00Z,
spiritshopitem_ap06unlock_ap17_fetch_09,99999999,true,2023-03-20T07:00:00Z,
aurora_queendom_countdown,1,false,2026-03-14T19:53:00Z,2026-03-14T19:54:00Z
spiritshopitem_ap06unlock_ap22_fetch_02,99999999,true,2024-04-22T07:00:00Z,
skyfest_fireworks_show_act4,8,false,2026-03-14T18:26:00Z,2026-03-14T18:34:00Z
quest_ap22_fetch_05,99999999,true,2024-06-10T07:00:00Z,
wildlifepark_cycle_sunset,2,false,2026-03-14T18:18:00Z,2026-03-14T18:20:00Z
wildlifepark_cycle_sunset,2,false,2026-03-14T18:30:00Z,2026-03-14T18:32:00Z
wildlifepark_cycle_sunset,2,false,2026-03-14T18:42:00Z,2026-03-14T18:44:00Z
global_bloom_2026_grow_1,2880,false,2026-03-16T07:00:00Z,2026-03-18T07:00:00Z
spiritshopitem_ap06unlock_ap15_fetch_04,99999999,true,2022-08-19T07:00:00Z,
musicshop_weekly_rotation_03,10080,false,2026-03-13T07:00:00Z,2026-03-20T07:00:00Z
quest_ap20_fetch_08,99999999,true,2023-12-18T08:00:00Z,
collectible_manatee,1440,false,2026-03-14T07:00:00Z,2026-03-15T07:00:00Z
collectible_manatee,1440,false,2026-03-15T07:00:00Z,2026-03-16T07:00:00Z
collectible_shy,1440,false,2026-03-14T07:00:00Z,2026-03-15T07:00:00Z
quest_ap13_fetch_02,99999999,true,2022-01-24T08:00:00Z,
hub_clocktower,0,false,2026-03-14T18:15:00Z,2026-03-14T18:15:00Z
hub_clocktower,0,false,2026-03-14T18:30:00Z,2026-03-14T18:30:00Z
hub_clocktower,0,false,2026-03-14T18:45:00Z,2026-03-14T18:45:00Z
spiritshopitem_ap06unlock_fetch_night,99999999,true,2020-05-18T07:00:00Z,
global_bloom_2025_5,4320,false,2026-03-25T07:00:00Z,2026-03-28T07:00:00Z
prairie_quest,1440,false,2026-03-14T07:00:00Z,2026-03-15T07:00:00Z
quest_ap13_fetch_03,99999999,true,2022-01-31T08:00:00Z,
quest_ap20_fetch_03,99999999,true,2023-10-30T07:00:00Z,
collectible_seek,1440,false,2026-03-14T07:00:00Z,2026-03-15T07:00:00Z
aurora_concert,48,false,2026-03-14T19:10:00Z,2026-03-14T19:58:00Z
spiritshopitem_ap06unlock_ap14_fetch_02,99999999,true,2022-04-25T07:00:00Z,
quest_ap10_fetch_01,99999999,true,2021-04-05T07:00:00Z,
spiritshopitem_ap06unlock_ap07_fetch_02,99999999,true,2020-07-20T07:00:00Z,
spiritshopitem_ap06unlock_ap10_fetch_05,99999999,true,2021-05-17T07:00:00Z,
global_cafe_open,99999999,true,2024-04-27T07:00:00Z,
global_bloom_2026_grow_2,2880,false,2026-03-18T07:00:00Z,2026-03-20T07:00:00Z
quest_ap22_miniHouse_03,99999999,true,2024-05-27T07:00:00Z,
spiritshopitem_ap06unlock_ap11_fetch_06,99999999,true,2021-08-20T07:00:00Z,
spiritshopitem_ap06unlock_ap18_fetch_01,99999999,true,2023-04-17T07:00:00Z,
quest_ap28_fetch_06,99999999,true,2025-11-24T08:00:00Z,
rain_darkstone_1,1440,false,2026-03-14T07:00:00Z,2026-03-15T07:00:00Z
quest_ap10_fetch_04,99999999,true,2021-05-10T07:00:00Z,
global_pc_launch,99999999,true,2024-04-10T07:00:00Z,
collectible_armwave,1440,false,2026-03-14T07:00:00Z,2026-03-15T07:00:00Z
collectible_armwave,1440,false,2026-03-15T07:00:00Z,2026-03-16T07:00:00Z
quest_ap24_fetch_04,99999999,true,2024-10-28T07:00:00Z,
aurora_minigame_2,12,false,2026-03-14T18:15:00Z,2026-03-14T18:27:00Z
quest_ap27_fetch_03,99999999,true,2025-08-04T07:00:00Z,
global_bloom_sakura_bud,4320,false,2026-03-13T07:00:00Z,2026-03-16T07:00:00Z
feast_catch_crabbit,60,false,2026-03-14T18:00:00Z,2026-03-14T19:00:00Z
global_bloom_2025_6,8640,false,2026-03-28T07:00:00Z,2026-04-03T07:00:00Z
spiritshopitem_ap06unlock_ap11_fetch_04,99999999,true,2021-08-02T07:00:00Z,
spiritshopitem_ap06unlock_fetch_day,99999999,true,2020-05-11T07:00:00Z,
wildlifepark_cycle_night,3,false,2026-03-14T18:21:00Z,2026-03-14T18:24:00Z
wildlifepark_cycle_night,3,false,2026-03-14T18:33:00Z,2026-03-14T18:36:00Z
wildlifepark_cycle_night,3,false,2026-03-14T18:45:00Z,2026-03-14T18:48:00Z
social_prairie_cozycave,1439,false,2026-03-14T07:00:00Z,2026-03-15T06:59:00Z
nature_geyser_on,99999999,true,2021-04-19T07:00:00Z,
visiting_vendor_questap12,1440,false,2026-03-14T07:00:00Z,2026-03-15T07:00:00Z
quest_ap14_fetch_03,99999999,true,2022-05-09T07:00:00Z,
quest_ap28_fetch_01,99999999,true,2025-10-20T07:00:00Z,
mainstreet_cycle_day_B,25,false,2026-03-14T18:15:00Z,2026-03-14T18:40:00Z
visiting_vendor_questap24,1440,false,2026-03-14T07:00:00Z,2026-03-15T07:00:00Z
global_bloom_2025_1,4320,false,2026-03-13T07:00:00Z,2026-03-16T07:00:00Z
ap29_fetch_10_whisper,99999999,true,2026-03-13T07:00:00Z,
spiritshopitem_ap06unlock_ap07_fetch_03,99999999,true,2020-07-27T07:00:00Z,
spiritshopitem_ap06unlock_ap10_fetch_01,99999999,true,2021-04-05T07:00:00Z,
global_bloom_2026_grow,20160,false,2026-03-16T07:00:00Z,2026-03-30T07:00:00Z
quest_ap13_fetch_05,99999999,true,2022-03-07T08:00:00Z,
quest_ap14_fetch_04,99999999,true,2022-05-23T07:00:00Z,
spiritshopitem_ap06unlock_ap19_fetch_04,99999999,true,2023-08-28T07:00:00Z,
visiting_vendor_questap17,1440,false,2026-03-14T07:00:00Z,2026-03-15T07:00:00Z
collectible_wipe,1440,false,2026-03-14T07:00:00Z,2026-03-15T07:00:00Z
spiritshopitem_ap06unlock_ap19_fetch_05,99999999,true,2023-09-18T07:00:00Z,
global_merchandise_live,81000,false,2026-03-17T01:00:00Z,2026-05-12T07:00:00Z
spiritshopitem_ap06unlock_ap22_miniSocial_02,99999999,true,2024-05-27T07:00:00Z,
quest_ap28_fetch_04_bells,99999999,true,2025-11-10T08:00:00Z,
spiritshopitem_ap06unlock_ap17_fetch_10,99999999,true,2023-03-20T07:00:00Z,
quest_ap24_fetch_02,99999999,true,2024-10-14T07:00:00Z,
aurora_runaway,4,false,2026-03-14T19:19:00Z,2026-03-14T19:23:00Z
quest_ap25_fetch_01,99999999,true,2025-01-20T08:00:00Z,
bloom_2022_flowerpatch,30240,false,2026-03-13T07:00:00Z,2026-04-03T07:00:00Z
ap18_ritual_02,1,false,2026-03-14T18:15:00Z,2026-03-14T18:16:00Z
ap18_ritual_02,1,false,2026-03-14T18:30:00Z,2026-03-14T18:31:00Z
ap18_ritual_02,1,false,2026-03-14T18:45:00Z,2026-03-14T18:46:00Z
quest_ap09_fetch_04,99999999,true,2021-02-08T08:00:00Z,
radiant_darkstone_enable,99999999,true,2025-01-20T08:00:00Z,
quest_ap22_fetch_02,99999999,true,2024-04-22T07:00:00Z,
quest_ap12_fetch_01,99999999,true,2021-10-04T07:00:00Z,
collectible_reading,99999999,true,2024-10-14T07:00:00Z,
quest_ap16_fetch_01,99999999,true,2022-10-17T07:00:00Z,
spiritshopitem_ap06unlock_ap11_fetch_03,99999999,true,2021-07-23T07:00:00Z,
global_transcendent_traveler,99999999,true,2025-03-17T07:00:00Z,
ap29_fetch_08_secret,99999999,true,2026-02-27T08:00:00Z,
quest_ap29_fetch_01,99999999,true,2026-01-16T08:00:00Z,
spiritshopitem_ap06unlock_ap21_fetch_04,99999999,true,2024-02-26T08:00:00Z,
spiritshopitem_ap06unlock_ap21_fetch_05,99999999,true,2024-03-11T07:00:00Z,
visiting_vendor_questap18,1440,false,2026-03-14T07:00:00Z,2026-03-15T07:00:00Z
spiritshopitem_ap06unlock_ap12_fetch_01,99999999,true,2021-10-04T07:00:00Z,
quest_ap20_fetch_01,99999999,true,2023-10-16T07:00:00Z,
quest_ap28_fetch_01_bells,99999999,true,2025-10-20T07:00:00Z,
visiting_vendor_questap27manatee,1440,false,2026-03-14T07:00:00Z,2026-03-15T07:00:00Z
collectible_cold,1440,false,2026-03-14T07:00:00Z,2026-03-15T07:00:00Z
stormy_intensity_2,240,false,2026-03-14T17:10:00Z,2026-03-14T21:10:00Z
quest_sunset_race,1440,false,2026-03-14T07:00:00Z,2026-03-15T07:00:00Z
collectible_cape,1440,false,2026-03-14T07:00:00Z,2026-03-15T07:00:00Z
spiritshopitem_ap06unlock_ap19_fetch_01,99999999,true,2023-07-17T07:00:00Z,
spiritshopitem_ap06unlock_ap20_fetch_05,99999999,true,2023-11-20T08:00:00Z,
quest_ap22_miniSocial_02,99999999,true,2024-05-27T07:00:00Z,
spiritshopitem_ap06unlock_ap13_fetch_02,99999999,true,2022-01-24T08:00:00Z,
quest_ap13_fetch_04,99999999,true,2022-02-14T08:00:00Z,
quest_ap26_fetch_05,99999999,true,2025-06-16T07:00:00Z,
quest_ap24_sidequest_03,99999999,true,2024-10-14T07:00:00Z,
AP27CapeHealingSpa,1439,false,2026-03-14T07:00:00Z,2026-03-15T06:59:00Z
AP27CapeHealingSpa,1439,false,2026-03-15T07:00:00Z,2026-03-16T06:59:00Z
quest_ap09_fetch_03,99999999,true,2021-01-25T08:00:00Z,
collectible_cry,1440,false,2026-03-14T07:00:00Z,2026-03-15T07:00:00Z
quest_competition_cloudcollect,99999999,true,2024-07-29T07:00:00Z,
collectible_butterfly,1440,false,2026-03-14T07:00:00Z,2026-03-15T07:00:00Z
aurora_exhaleinhale_wrap,2,false,2026-03-14T19:16:00Z,2026-03-14T19:18:00Z
global_bloom_2022,30240,false,2026-03-13T07:00:00Z,2026-04-03T07:00:00Z
spiritshopitem_ap06unlock_ap16_fetch_03,99999999,true,2022-11-14T08:00:00Z,
spiritshopitem_ap06unlock_ap17_fetch_07,99999999,true,2023-02-27T08:00:00Z,
collectible_die,1440,false,2026-03-14T07:00:00Z,2026-03-15T07:00:00Z
quest_ap25_fetch_04,99999999,true,2025-03-03T08:00:00Z,
quest_ap22_miniHouse_02,99999999,true,2024-05-06T07:00:00Z,
global_rosegarden_forever,99999999,true,2025-04-08T07:00:00Z,
collectible_duetbow,99999999,true,2024-08-12T07:00:00Z,
collectible_sneaky,1440,false,2026-03-14T07:00:00Z,2026-03-15T07:00:00Z
