Channel,Event,Playlist Position,Video Name,Loop,Gap (s),Preshow (s),Postshow (s),Silence Please
aurora,aurora_minigame_5,0,aurora_concert_thank_you,false,30,0,10,true
cinema,skyfest_award_show_2025_replay,0,awd_show_p1_replay,false,0,0,0,false
cinema,skyfest_award_show_2025_replay,1,awd_show_p2_replay,false,0,0,0,false
cinema,skyfest_award_show_2025_replay,2,awd_countdown_replay,false,0,0,0,false
cinema,skyfest_w3seq1,0,cmty_corner_a,false,0,0,0,false
cinema,skyfest_w3seq1,1,dev_corner_a,false,0,0,0,false
cinema,skyfest_w3seq1,2,ember_ch_1,false,0,0,0,false
cinema,skyfest_w3seq1,3,awd_corner_a,false,0,0,0,false
cinema,skyfest_w3seq1,4,cmty_corner_b,false,0,0,0,false
cinema,skyfest_w3seq1,5,dev_corner_b,false,0,0,0,false
cinema,skyfest_w3seq1,6,ember_ch_1,false,0,0,0,false
cinema,skyfest_w3seq1,7,awd_corner_b,false,0,0,0,false
cinema,skyfest_w3seq1,8,cmty_corner_c,false,0,0,0,false
cinema,skyfest_w3seq1,9,dev_corner_c,false,0,0,0,false
cinema,skyfest_w3seq1,10,ember_ch_1,false,0,0,0,false
cinema,skyfest_w3seq1,11,awd_corner_a,false,0,0,0,false
cinema,skyfest_w3seq1,12,cmty_corner_d,false,0,0,0,false
cinema,skyfest_w3seq1,13,dev_corner_d,false,0,0,0,false
cinema,skyfest_w3seq1,14,ember_ch_1,false,0,0,0,false
cinema,skyfest_w3seq1,15,awd_corner_b,false,0,0,0,false
cinema,skyfest_w3seq1,16,cmty_corner_a,false,0,0,0,false
cinema,skyfest_w3seq1,17,dev_corner_a,false,0,0,0,false
cinema,skyfest_w3seq1,18,ember_ch_1,false,0,0,0,false
cinema,skyfest_w3seq1,19,awd_corner_a,false,0,0,0,false
cinema,skyfest_w3seq1,20,cmty_corner_b,false,0,0,0,false
cinema,skyfest_w3seq1,21,dev_corner_b,false,0,0,0,false
cinema,skyfest_w3seq1,22,ember_ch_1,false,0,0,0,false
cinema,skyfest_w3seq1,23,awd_corner_b,false,0,0,0,false
cinema,skyfest_w3seq1,24,cmty_corner_c,false,0,0,0,false
cinema,skyfest_w3seq1,25,dev_corner_c,false,0,0,0,false
cinema,skyfest_w3seq1,26,ember_ch_1,false,0,0,0,false
cinema,skyfest_w3seq1,27,awd_corner_a,false,0,0,0,false
cinema,skyfest_w3seq1,28,cmty_corner_d,false,0,0,0,false
cinema,skyfest_w3seq1,29,dev_corner_d,false,0,0,0,false
cinema,skyfest_w3seq1,30,ember_ch_1,false,0,0,0,false
cinema,skyfest_w3seq1,31,awd_corner_b,false,0,0,0,false
cinema,skyfest_w3seq1,32,cmty_corner_a,false,0,0,0,false
cinema,skyfest_w3seq1,33,dev_corner_a,false,0,0,0,false
cinema,skyfest_w3seq1,34,ember_ch_1,false,0,0,0,false
cinema,skyfest_w3seq1,35,awd_corner_a,false,0,0,0,false
cinema,skyfest_w3seq1,36,cmty_corner_b,false,0,0,0,false
cinema,skyfest_w3seq1,37,dev_corner_b,false,0,0,0,false
cinema,skyfest_w3seq1,38,ember_ch_1,false,0,0,0,false
cinema,skyfest_w3seq1,39,awd_corner_b,false,0,0,0,false
cinema,skyfest_w3seq1,40,cmty_corner_c,false,0,0,0,false
cinema,skyfest_w3seq1,41,dev_corner_c,false,0,0,0,false
cinema,skyfest_w3seq1,42,ember_ch_1,false,0,0,0,false
cinema,skyfest_w3seq1,43,awd_corner_a,false,0,0,0,false
cinema,skyfest_w3seq1,44,cmty_corner_d,false,0,0,0,false
cinema,skyfest_w3seq1,45,dev_corner_d,false,0,0,0,false
cinema,skyfest_w3seq1,46,ember_ch_1,false,0,0,0,false
cinema,skyfest_w3seq1,47,awd_corner_b,false,0,0,0,false
cinema,skyfest_w3seq2,0,cmty_corner_b,false,0,0,0,false
cinema,skyfest_w3seq2,1,dev_corner_b,false,0,0,0,false
cinema,skyfest_w3seq2,2,ember_ch_1,false,0,0,0,false
cinema,skyfest_w3seq2,3,awd_corner_b,false,0,0,0,false
cinema,skyfest_w3seq2,4,cmty_corner_c,false,0,0,0,false
cinema,skyfest_w3seq2,5,dev_corner_c,false,0,0,0,false
cinema,skyfest_w3seq2,6,ember_ch_1,false,0,0,0,false
cinema,skyfest_w3seq2,7,awd_corner_a,false,0,0,0,false
cinema,skyfest_w3seq2,8,cmty_corner_d,false,0,0,0,false
cinema,skyfest_w3seq2,9,dev_corner_d,false,0,0,0,false
cinema,skyfest_w3seq2,10,ember_ch_1,false,0,0,0,false
cinema,skyfest_w3seq2,11,awd_corner_b,false,0,0,0,false
cinema,skyfest_w3seq2,12,cmty_corner_a,false,0,0,0,false
cinema,skyfest_w3seq2,13,dev_corner_a,false,0,0,0,false
cinema,skyfest_w3seq2,14,ember_ch_1,false,0,0,0,false
cinema,skyfest_w3seq2,15,awd_corner_a,false,0,0,0,false
cinema,skyfest_w3seq2,16,cmty_corner_b,false,0,0,0,false
cinema,skyfest_w3seq2,17,dev_corner_b,false,0,0,0,false
cinema,skyfest_w3seq2,18,ember_ch_1,false,0,0,0,false
cinema,skyfest_w3seq2,19,awd_corner_b,false,0,0,0,false
cinema,skyfest_w3seq2,20,cmty_corner_c,false,0,0,0,false
cinema,skyfest_w3seq2,21,dev_corner_c,false,0,0,0,false
cinema,skyfest_w3seq2,22,ember_ch_1,false,0,0,0,false
cinema,skyfest_w3seq2,23,awd_corner_a,false,0,0,0,false
cinema,skyfest_w3seq2,24,cmty_corner_d,false,0,0,0,false
cinema,skyfest_w3seq2,25,dev_corner_d,false,0,0,0,false
cinema,skyfest_w3seq2,26,ember_ch_1,false,0,0,0,false
cinema,skyfest_w3seq2,27,awd_corner_b,false,0,0,0,false
cinema,skyfest_w3seq2,28,cmty_corner_a,false,0,0,0,false
cinema,skyfest_w3seq2,29,dev_corner_a,false,0,0,0,false
cinema,skyfest_w3seq2,30,ember_ch_1,false,0,0,0,false
cinema,skyfest_w3seq2,31,awd_corner_a,false,0,0,0,false
cinema,skyfest_w3seq2,32,cmty_corner_b,false,0,0,0,false
cinema,skyfest_w3seq2,33,dev_corner_b,false,0,0,0,false
cinema,skyfest_w3seq2,34,ember_ch_1,false,0,0,0,false
cinema,skyfest_w3seq2,35,awd_corner_b,false,0,0,0,false
cinema,skyfest_w3seq2,36,cmty_corner_c,false,0,0,0,false
cinema,skyfest_w3seq2,37,dev_corner_c,false,0,0,0,false
cinema,skyfest_w3seq2,38,ember_ch_1,false,0,0,0,false
cinema,skyfest_w3seq2,39,awd_corner_a,false,0,0,0,false
cinema,skyfest_w3seq2,40,cmty_corner_d,false,0,0,0,false
cinema,skyfest_w3seq2,41,dev_corner_d,false,0,0,0,false
cinema,skyfest_w3seq2,42,ember_ch_1,false,0,0,0,false
cinema,skyfest_w3seq2,43,awd_corner_b,false,0,0,0,false
cinema,skyfest_w3seq2,44,cmty_corner_a,false,0,0,0,false
cinema,skyfest_w3seq2,45,dev_corner_a,false,0,0,0,false
cinema,skyfest_w3seq2,46,ember_ch_1,false,0,0,0,false
cinema,skyfest_w3seq2,47,awd_corner_a,false,0,0,0,false
cinema,skyfest_w3seq3,0,cmty_corner_c,false,0,0,0,false
cinema,skyfest_w3seq3,1,dev_corner_c,false,0,0,0,false
cinema,skyfest_w3seq3,2,ember_ch_1,false,0,0,0,false
cinema,skyfest_w3seq3,3,awd_corner_a,false,0,0,0,false
cinema,skyfest_w3seq3,4,cmty_corner_d,false,0,0,0,false
cinema,skyfest_w3seq3,5,dev_corner_d,false,0,0,0,false
cinema,skyfest_w3seq3,6,ember_ch_1,false,0,0,0,false
cinema,skyfest_w3seq3,7,awd_corner_b,false,0,0,0,false
cinema,skyfest_w3seq3,8,cmty_corner_a,false,0,0,0,false
cinema,skyfest_w3seq3,9,dev_corner_a,false,0,0,0,false
cinema,skyfest_w3seq3,10,ember_ch_1,false,0,0,0,false
cinema,skyfest_w3seq3,11,awd_corner_a,false,0,0,0,false
cinema,skyfest_w3seq3,12,cmty_corner_b,false,0,0,0,false
cinema,skyfest_w3seq3,13,dev_corner_b,false,0,0,0,false
cinema,skyfest_w3seq3,14,ember_ch_1,false,0,0,0,false
cinema,skyfest_w3seq3,15,awd_corner_b,false,0,0,0,false
cinema,skyfest_w3seq3,16,cmty_corner_c,false,0,0,0,false
cinema,skyfest_w3seq3,17,dev_corner_c,false,0,0,0,false
cinema,skyfest_w3seq3,18,ember_ch_1,false,0,0,0,false
cinema,skyfest_w3seq3,19,awd_corner_a,false,0,0,0,false
cinema,skyfest_w3seq3,20,cmty_corner_d,false,0,0,0,false
cinema,skyfest_w3seq3,21,dev_corner_d,false,0,0,0,false
cinema,skyfest_w3seq3,22,ember_ch_1,false,0,0,0,false
cinema,skyfest_w3seq3,23,awd_corner_b,false,0,0,0,false
cinema,skyfest_w3seq3,24,cmty_corner_a,false,0,0,0,false
cinema,skyfest_w3seq3,25,dev_corner_a,false,0,0,0,false
cinema,skyfest_w3seq3,26,ember_ch_1,false,0,0,0,false
cinema,skyfest_w3seq3,27,awd_corner_a,false,0,0,0,false
cinema,skyfest_w3seq3,28,cmty_corner_b,false,0,0,0,false
cinema,skyfest_w3seq3,29,dev_corner_b,false,0,0,0,false
cinema,skyfest_w3seq3,30,ember_ch_1,false,0,0,0,false
cinema,skyfest_w3seq3,31,awd_corner_b,false,0,0,0,false
cinema,skyfest_w3seq3,32,cmty_corner_c,false,0,0,0,false
cinema,skyfest_w3seq3,33,dev_corner_c,false,0,0,0,false
cinema,skyfest_w3seq3,34,ember_ch_1,false,0,0,0,false
cinema,skyfest_w3seq3,35,awd_corner_a,false,0,0,0,false
cinema,skyfest_w3seq3,36,cmty_corner_d,false,0,0,0,false
cinema,skyfest_w3seq3,37,dev_corner_d,false,0,0,0,false
cinema,skyfest_w3seq3,38,ember_ch_1,false,0,0,0,false
cinema,skyfest_w3seq3,39,awd_corner_b,false,0,0,0,false
cinema,skyfest_w3seq3,40,cmty_corner_a,false,0,0,0,false
cinema,skyfest_w3seq3,41,dev_corner_a,false,0,0,0,false
cinema,skyfest_w3seq3,42,ember_ch_1,false,0,0,0,false
cinema,skyfest_w3seq3,43,awd_corner_a,false,0,0,0,false
cinema,skyfest_w3seq3,44,cmty_corner_b,false,0,0,0,false
cinema,skyfest_w3seq3,45,dev_corner_b,false,0,0,0,false
cinema,skyfest_w3seq3,46,ember_ch_1,false,0,0,0,false
cinema,skyfest_w3seq3,47,awd_corner_b,false,0,0,0,false
cinema,skyfest_w3seq4,0,cmty_corner_d,false,0,0,0,false
cinema,skyfest_w3seq4,1,dev_corner_d,false,0,0,0,false
cinema,skyfest_w3seq4,2,ember_ch_1,false,0,0,0,false
cinema,skyfest_w3seq4,3,awd_corner_b,false,0,0,0,false
cinema,skyfest_w3seq4,4,cmty_corner_a,false,0,0,0,false
cinema,skyfest_w3seq4,5,dev_corner_a,false,0,0,0,false
cinema,skyfest_w3seq4,6,ember_ch_1,false,0,0,0,false
cinema,skyfest_w3seq4,7,awd_corner_a,false,0,0,0,false
cinema,skyfest_w3seq4,8,cmty_corner_b,false,0,0,0,false
cinema,skyfest_w3seq4,9,dev_corner_b,false,0,0,0,false
cinema,skyfest_w3seq4,10,ember_ch_1,false,0,0,0,false
cinema,skyfest_w3seq4,11,awd_corner_b,false,0,0,0,false
cinema,skyfest_w3seq4,12,cmty_corner_c,false,0,0,0,false
cinema,skyfest_w3seq4,13,dev_corner_c,false,0,0,0,false
cinema,skyfest_w3seq4,14,ember_ch_1,false,0,0,0,false
cinema,skyfest_w3seq4,15,awd_corner_a,false,0,0,0,false
cinema,skyfest_w3seq4,16,cmty_corner_d,false,0,0,0,false
cinema,skyfest_w3seq4,17,dev_corner_d,false,0,0,0,false
cinema,skyfest_w3seq4,18,ember_ch_1,false,0,0,0,false
cinema,skyfest_w3seq4,19,awd_corner_b,false,0,0,0,false
cinema,skyfest_w3seq4,20,cmty_corner_a,false,0,0,0,false
cinema,skyfest_w3seq4,21,dev_corner_a,false,0,0,0,false
cinema,skyfest_w3seq4,22,ember_ch_1,false,0,0,0,false
cinema,skyfest_w3seq4,23,awd_corner_a,false,0,0,0,false
cinema,skyfest_w3seq4,24,cmty_corner_b,false,0,0,0,false
cinema,skyfest_w3seq4,25,dev_corner_b,false,0,0,0,false
cinema,skyfest_w3seq4,26,ember_ch_1,false,0,0,0,false
cinema,skyfest_w3seq4,27,awd_corner_b,false,0,0,0,false
cinema,skyfest_w3seq4,28,cmty_corner_c,false,0,0,0,false
cinema,skyfest_w3seq4,29,dev_corner_c,false,0,0,0,false
cinema,skyfest_w3seq4,30,ember_ch_1,false,0,0,0,false
cinema,skyfest_w3seq4,31,awd_corner_a,false,0,0,0,false
cinema,skyfest_w3seq4,32,cmty_corner_d,false,0,0,0,false
cinema,skyfest_w3seq4,33,dev_corner_d,false,0,0,0,false
cinema,skyfest_w3seq4,34,ember_ch_1,false,0,0,0,false
cinema,skyfest_w3seq4,35,awd_corner_b,false,0,0,0,false
cinema,skyfest_w3seq4,36,cmty_corner_a,false,0,0,0,false
cinema,skyfest_w3seq4,37,dev_corner_a,false,0,0,0,false
cinema,skyfest_w3seq4,38,ember_ch_1,false,0,0,0,false
cinema,skyfest_w3seq4,39,awd_corner_a,false,0,0,0,false
cinema,skyfest_w3seq4,40,cmty_corner_b,false,0,0,0,false
cinema,skyfest_w3seq4,41,dev_corner_b,false,0,0,0,false
cinema,skyfest_w3seq4,42,ember_ch_1,false,0,0,0,false
cinema,skyfest_w3seq4,43,awd_corner_b,false,0,0,0,false
cinema,skyfest_w3seq4,44,cmty_corner_c,false,0,0,0,false
cinema,skyfest_w3seq4,45,dev_corner_c,false,0,0,0,false
cinema,skyfest_w3seq4,46,ember_ch_1,false,0,0,0,false
cinema,skyfest_w3seq4,47,awd_corner_a,false,0,0,0,false
cinema,skyfest_w4seq1,0,cmty_corner_d,false,0,0,0,false
cinema,skyfest_w4seq1,1,dev_corner_d,false,0,0,0,false
cinema,skyfest_w4seq1,2,ember_ch_1,false,0,0,0,false
cinema,skyfest_w4seq1,3,awd_corner_b,false,0,0,0,false
cinema,skyfest_w4seq1,4,cmty_corner_a,false,0,0,0,false
cinema,skyfest_w4seq1,5,dev_corner_a,false,0,0,0,false
cinema,skyfest_w4seq1,6,ember_ch_2,false,0,0,0,false
cinema,skyfest_w4seq1,7,awd_corner_a,false,0,0,0,false
cinema,skyfest_w4seq1,8,cmty_corner_b,false,0,0,0,false
cinema,skyfest_w4seq1,9,dev_corner_b,false,0,0,0,false
cinema,skyfest_w4seq1,10,ember_ch_1,false,0,0,0,false
cinema,skyfest_w4seq1,11,awd_corner_b,false,0,0,0,false
cinema,skyfest_w4seq1,12,cmty_corner_c,false,0,0,0,false
cinema,skyfest_w4seq1,13,dev_corner_c,false,0,0,0,false
cinema,skyfest_w4seq1,14,ember_ch_2,false,0,0,0,false
cinema,skyfest_w4seq1,15,awd_corner_a,false,0,0,0,false
cinema,skyfest_w4seq1,16,cmty_corner_d,false,0,0,0,false
cinema,skyfest_w4seq1,17,dev_corner_d,false,0,0,0,false
cinema,skyfest_w4seq1,18,ember_ch_1,false,0,0,0,false
cinema,skyfest_w4seq1,19,awd_corner_b,false,0,0,0,false
cinema,skyfest_w4seq1,20,cmty_corner_a,false,0,0,0,false
cinema,skyfest_w4seq1,21,dev_corner_a,false,0,0,0,false
cinema,skyfest_w4seq1,22,ember_ch_2,false,0,0,0,false
cinema,skyfest_w4seq1,23,awd_corner_a,false,0,0,0,false
cinema,skyfest_w4seq1,24,cmty_corner_b,false,0,0,0,false
cinema,skyfest_w4seq1,25,dev_corner_b,false,0,0,0,false
cinema,skyfest_w4seq1,26,ember_ch_1,false,0,0,0,false
cinema,skyfest_w4seq1,27,awd_corner_b,false,0,0,0,false
cinema,skyfest_w4seq1,28,cmty_corner_c,false,0,0,0,false
cinema,skyfest_w4seq1,29,dev_corner_c,false,0,0,0,false
cinema,skyfest_w4seq1,30,ember_ch_2,false,0,0,0,false
cinema,skyfest_w4seq1,31,awd_corner_a,false,0,0,0,false
cinema,skyfest_w4seq1,32,cmty_corner_d,false,0,0,0,false
cinema,skyfest_w4seq1,33,dev_corner_d,false,0,0,0,false
cinema,skyfest_w4seq1,34,ember_ch_1,false,0,0,0,false
cinema,skyfest_w4seq1,35,awd_corner_b,false,0,0,0,false
cinema,skyfest_w4seq1,36,cmty_corner_a,false,0,0,0,false
cinema,skyfest_w4seq1,37,dev_corner_a,false,0,0,0,false
cinema,skyfest_w4seq1,38,ember_ch_2,false,0,0,0,false
cinema,skyfest_w4seq1,39,awd_corner_a,false,0,0,0,false
cinema,skyfest_w4seq1,40,cmty_corner_b,false,0,0,0,false
cinema,skyfest_w4seq1,41,dev_corner_b,false,0,0,0,false
cinema,skyfest_w4seq1,42,ember_ch_1,false,0,0,0,false
cinema,skyfest_w4seq1,43,awd_corner_b,false,0,0,0,false
cinema,skyfest_w4seq1,44,cmty_corner_c,false,0,0,0,false
cinema,skyfest_w4seq1,45,dev_corner_c,false,0,0,0,false
cinema,skyfest_w4seq1,46,ember_ch_2,false,0,0,0,false
cinema,skyfest_w4seq1,47,awd_corner_a,false,0,0,0,false
cinema,skyfest_w4seq2,0,cmty_corner_a,false,0,0,0,false
cinema,skyfest_w4seq2,1,dev_corner_a,false,0,0,0,false
cinema,skyfest_w4seq2,2,ember_ch_1,false,0,0,0,false
cinema,skyfest_w4seq2,3,awd_corner_a,false,0,0,0,false
cinema,skyfest_w4seq2,4,cmty_corner_b,false,0,0,0,false
cinema,skyfest_w4seq2,5,dev_corner_b,false,0,0,0,false
cinema,skyfest_w4seq2,6,ember_ch_2,false,0,0,0,false
cinema,skyfest_w4seq2,7,awd_corner_b,false,0,0,0,false
cinema,skyfest_w4seq2,8,cmty_corner_c,false,0,0,0,false
cinema,skyfest_w4seq2,9,dev_corner_c,false,0,0,0,false
cinema,skyfest_w4seq2,10,ember_ch_1,false,0,0,0,false
cinema,skyfest_w4seq2,11,awd_corner_a,false,0,0,0,false
cinema,skyfest_w4seq2,12,cmty_corner_d,false,0,0,0,false
cinema,skyfest_w4seq2,13,dev_corner_d,false,0,0,0,false
cinema,skyfest_w4seq2,14,ember_ch_2,false,0,0,0,false
cinema,skyfest_w4seq2,15,awd_corner_b,false,0,0,0,false
cinema,skyfest_w4seq2,16,cmty_corner_a,false,0,0,0,false
cinema,skyfest_w4seq2,17,dev_corner_a,false,0,0,0,false
cinema,skyfest_w4seq2,18,ember_ch_1,false,0,0,0,false
cinema,skyfest_w4seq2,19,awd_corner_a,false,0,0,0,false
cinema,skyfest_w4seq2,20,cmty_corner_b,false,0,0,0,false
cinema,skyfest_w4seq2,21,dev_corner_b,false,0,0,0,false
cinema,skyfest_w4seq2,22,ember_ch_2,false,0,0,0,false
cinema,skyfest_w4seq2,23,awd_corner_b,false,0,0,0,false
cinema,skyfest_w4seq2,24,cmty_corner_c,false,0,0,0,false
cinema,skyfest_w4seq2,25,dev_corner_c,false,0,0,0,false
cinema,skyfest_w4seq2,26,ember_ch_1,false,0,0,0,false
cinema,skyfest_w4seq2,27,awd_corner_a,false,0,0,0,false
cinema,skyfest_w4seq2,28,cmty_corner_d,false,0,0,0,false
cinema,skyfest_w4seq2,29,dev_corner_d,false,0,0,0,false
cinema,skyfest_w4seq2,30,ember_ch_2,false,0,0,0,false
cinema,skyfest_w4seq2,31,awd_corner_b,false,0,0,0,false
cinema,skyfest_w4seq2,32,cmty_corner_a,false,0,0,0,false
cinema,skyfest_w4seq2,33,dev_corner_a,false,0,0,0,false
cinema,skyfest_w4seq2,34,ember_ch_1,false,0,0,0,false
cinema,skyfest_w4seq2,35,awd_corner_a,false,0,0,0,false
cinema,skyfest_w4seq2,36,cmty_corner_b,false,0,0,0,false
cinema,skyfest_w4seq2,37,dev_corner_b,false,0,0,0,false
cinema,skyfest_w4seq2,38,ember_ch_2,false,0,0,0,false
cinema,skyfest_w4seq2,39,awd_corner_b,false,0,0,0,false
cinema,skyfest_w4seq2,40,cmty_corner_c,false,0,0,0,false
cinema,skyfest_w4seq2,41,dev_corner_c,false,0,0,0,false
cinema,skyfest_w4seq2,42,ember_ch_1,false,0,0,0,false
cinema,skyfest_w4seq2,43,awd_corner_a,false,0,0,0,false
cinema,skyfest_w4seq2,44,cmty_corner_d,false,0,0,0,false
cinema,skyfest_w4seq2,45,dev_corner_d,false,0,0,0,false
cinema,skyfest_w4seq2,46,ember_ch_2,false,0,0,0,false
cinema,skyfest_w4seq2,47,awd_corner_b,false,0,0,0,false
cinema,skyfest_w4seq3,0,cmty_corner_b,false,0,0,0,false
cinema,skyfest_w4seq3,1,dev_corner_b,false,0,0,0,false
cinema,skyfest_w4seq3,2,ember_ch_1,false,0,0,0,false
cinema,skyfest_w4seq3,3,awd_corner_b,false,0,0,0,false
cinema,skyfest_w4seq3,4,cmty_corner_c,false,0,0,0,false
cinema,skyfest_w4seq3,5,dev_corner_c,false,0,0,0,false
cinema,skyfest_w4seq3,6,ember_ch_2,false,0,0,0,false
cinema,skyfest_w4seq3,7,awd_corner_a,false,0,0,0,false
cinema,skyfest_w4seq3,8,cmty_corner_d,false,0,0,0,false
cinema,skyfest_w4seq3,9,dev_corner_d,false,0,0,0,false
cinema,skyfest_w4seq3,10,ember_ch_1,false,0,0,0,false
cinema,skyfest_w4seq3,11,awd_corner_b,false,0,0,0,false
cinema,skyfest_w4seq3,12,cmty_corner_a,false,0,0,0,false
cinema,skyfest_w4seq3,13,dev_corner_a,false,0,0,0,false
cinema,skyfest_w4seq3,14,ember_ch_2,false,0,0,0,false
cinema,skyfest_w4seq3,15,awd_corner_a,false,0,0,0,false
cinema,skyfest_w4seq3,16,cmty_corner_b,false,0,0,0,false
cinema,skyfest_w4seq3,17,dev_corner_b,false,0,0,0,false
cinema,skyfest_w4seq3,18,ember_ch_1,false,0,0,0,false
cinema,skyfest_w4seq3,19,awd_corner_b,false,0,0,0,false
cinema,skyfest_w4seq3,20,cmty_corner_c,false,0,0,0,false
cinema,skyfest_w4seq3,21,dev_corner_c,false,0,0,0,false
cinema,skyfest_w4seq3,22,ember_ch_2,false,0,0,0,false
cinema,skyfest_w4seq3,23,awd_corner_a,false,0,0,0,false
cinema,skyfest_w4seq3,24,cmty_corner_d,false,0,0,0,false
cinema,skyfest_w4seq3,25,dev_corner_d,false,0,0,0,false
cinema,skyfest_w4seq3,26,ember_ch_1,false,0,0,0,false
cinema,skyfest_w4seq3,27,awd_corner_b,false,0,0,0,false
cinema,skyfest_w4seq3,28,cmty_corner_a,false,0,0,0,false
cinema,skyfest_w4seq3,29,dev_corner_a,false,0,0,0,false
cinema,skyfest_w4seq3,30,ember_ch_2,false,0,0,0,false
cinema,skyfest_w4seq3,31,awd_corner_a,false,0,0,0,false
cinema,skyfest_w4seq3,32,cmty_corner_b,false,0,0,0,false
cinema,skyfest_w4seq3,33,dev_corner_b,false,0,0,0,false
cinema,skyfest_w4seq3,34,ember_ch_1,false,0,0,0,false
cinema,skyfest_w4seq3,35,awd_corner_b,false,0,0,0,false
cinema,skyfest_w4seq3,36,cmty_corner_c,false,0,0,0,false
cinema,skyfest_w4seq3,37,dev_corner_c,false,0,0,0,false
cinema,skyfest_w4seq3,38,ember_ch_2,false,0,0,0,false
cinema,skyfest_w4seq3,39,awd_corner_a,false,0,0,0,false
cinema,skyfest_w4seq3,40,cmty_corner_d,false,0,0,0,false
cinema,skyfest_w4seq3,41,dev_corner_d,false,0,0,0,false
cinema,skyfest_w4seq3,42,ember_ch_1,false,0,0,0,false
cinema,skyfest_w4seq3,43,awd_corner_b,false,0,0,0,false
cinema,skyfest_w4seq3,44,cmty_corner_a,false,0,0,0,false
cinema,skyfest_w4seq3,45,dev_corner_a,false,0,0,0,false
cinema,skyfest_w4seq3,46,ember_ch_2,false,0,0,0,false
cinema,skyfest_w4seq3,47,awd_corner_a,false,0,0,0,false
cinema,skyfest_w4seq4,0,cmty_corner_c,false,0,0,0,false
cinema,skyfest_w4seq4,1,dev_corner_c,false,0,0,0,false
cinema,skyfest_w4seq4,2,ember_ch_1,false,0,0,0,false
cinema,skyfest_w4seq4,3,awd_corner_a,false,0,0,0,false
cinema,skyfest_w4seq4,4,cmty_corner_d,false,0,0,0,false
cinema,skyfest_w4seq4,5,dev_corner_d,false,0,0,0,false
cinema,skyfest_w4seq4,6,ember_ch_2,false,0,0,0,false
cinema,skyfest_w4seq4,7,awd_corner_b,false,0,0,0,false
cinema,skyfest_w4seq4,8,cmty_corner_a,false,0,0,0,false
cinema,skyfest_w4seq4,9,dev_corner_a,false,0,0,0,false
cinema,skyfest_w4seq4,10,ember_ch_1,false,0,0,0,false
cinema,skyfest_w4seq4,11,awd_corner_a,false,0,0,0,false
cinema,skyfest_w4seq4,12,cmty_corner_b,false,0,0,0,false
cinema,skyfest_w4seq4,13,dev_corner_b,false,0,0,0,false
cinema,skyfest_w4seq4,14,ember_ch_2,false,0,0,0,false
cinema,skyfest_w4seq4,15,awd_corner_b,false,0,0,0,false
cinema,skyfest_w4seq4,16,cmty_corner_c,false,0,0,0,false
cinema,skyfest_w4seq4,17,dev_corner_c,false,0,0,0,false
cinema,skyfest_w4seq4,18,ember_ch_1,false,0,0,0,false
cinema,skyfest_w4seq4,19,awd_corner_a,false,0,0,0,false
cinema,skyfest_w4seq4,20,cmty_corner_d,false,0,0,0,false
cinema,skyfest_w4seq4,21,dev_corner_d,false,0,0,0,false
cinema,skyfest_w4seq4,22,ember_ch_2,false,0,0,0,false
cinema,skyfest_w4seq4,23,awd_corner_b,false,0,0,0,false
cinema,skyfest_w4seq4,24,cmty_corner_a,false,0,0,0,false
cinema,skyfest_w4seq4,25,dev_corner_a,false,0,0,0,false
cinema,skyfest_w4seq4,26,ember_ch_1,false,0,0,0,false
cinema,skyfest_w4seq4,27,awd_corner_a,false,0,0,0,false
cinema,skyfest_w4seq4,28,cmty_corner_b,false,0,0,0,false
cinema,skyfest_w4seq4,29,dev_corner_b,false,0,0,0,false
cinema,skyfest_w4seq4,30,ember_ch_2,false,0,0,0,false
cinema,skyfest_w4seq4,31,awd_corner_b,false,0,0,0,false
cinema,skyfest_w4seq4,32,cmty_corner_c,false,0,0,0,false
cinema,skyfest_w4seq4,33,dev_corner_c,false,0,0,0,false
cinema,skyfest_w4seq4,34,ember_ch_1,false,0,0,0,false
cinema,skyfest_w4seq4,35,awd_corner_a,false,0,0,0,false
cinema,skyfest_w4seq4,36,cmty_corner_d,false,0,0,0,false
cinema,skyfest_w4seq4,37,dev_corner_d,false,0,0,0,false
cinema,skyfest_w4seq4,38,ember_ch_2,false,0,0,0,false
cinema,skyfest_w4seq4,39,awd_corner_b,false,0,0,0,false
cinema,skyfest_w4seq4,40,cmty_corner_a,false,0,0,0,false
cinema,skyfest_w4seq4,41,dev_corner_a,false,0,0,0,false
cinema,skyfest_w4seq4,42,ember_ch_1,false,0,0,0,false
cinema,skyfest_w4seq4,43,awd_corner_a,false,0,0,0,false
cinema,skyfest_w4seq4,44,cmty_corner_b,false,0,0,0,false
cinema,skyfest_w4seq4,45,dev_corner_b,false,0,0,0,false
cinema,skyfest_w4seq4,46,ember_ch_2,false,0,0,0,false
cinema,skyfest_w4seq4,47,awd_corner_b,false,0,0,0,false
cinema,skyfest_w5seq1,0,cmty_corner_c,false,0,0,0,false
cinema,skyfest_w5seq1,1,dev_corner_c,false,0,0,0,false
cinema,skyfest_w5seq1,2,ember_ch_1,false,0,0,0,false
cinema,skyfest_w5seq1,3,awd_corner_a,false,0,0,0,false
cinema,skyfest_w5seq1,4,cmty_corner_d,false,0,0,0,false
cinema,skyfest_w5seq1,5,dev_corner_d,false,0,0,0,false
cinema,skyfest_w5seq1,6,ember_ch_2,false,0,0,0,false
cinema,skyfest_w5seq1,7,awd_corner_b,false,0,0,0,false
cinema,skyfest_w5seq1,8,cmty_corner_a,false,0,0,0,false
cinema,skyfest_w5seq1,9,dev_corner_a,false,0,0,0,false
cinema,skyfest_w5seq1,10,ember_ch_3,false,0,0,0,false
cinema,skyfest_w5seq1,11,awd_corner_a,false,0,0,0,false
cinema,skyfest_w5seq1,12,cmty_corner_b,false,0,0,0,false
cinema,skyfest_w5seq1,13,dev_corner_b,false,0,0,0,false
cinema,skyfest_w5seq1,14,ember_ch_1,false,0,0,0,false
cinema,skyfest_w5seq1,15,awd_corner_b,false,0,0,0,false
cinema,skyfest_w5seq1,16,cmty_corner_c,false,0,0,0,false
cinema,skyfest_w5seq1,17,dev_corner_c,false,0,0,0,false
cinema,skyfest_w5seq1,18,ember_ch_2,false,0,0,0,false
cinema,skyfest_w5seq1,19,awd_corner_a,false,0,0,0,false
cinema,skyfest_w5seq1,20,cmty_corner_d,false,0,0,0,false
cinema,skyfest_w5seq1,21,dev_corner_d,false,0,0,0,false
cinema,skyfest_w5seq1,22,ember_ch_3,false,0,0,0,false
cinema,skyfest_w5seq1,23,awd_corner_b,false,0,0,0,false
cinema,skyfest_w5seq1,24,cmty_corner_a,false,0,0,0,false
cinema,skyfest_w5seq1,25,dev_corner_a,false,0,0,0,false
cinema,skyfest_w5seq1,26,ember_ch_1,false,0,0,0,false
cinema,skyfest_w5seq1,27,awd_corner_a,false,0,0,0,false
cinema,skyfest_w5seq1,28,cmty_corner_b,false,0,0,0,false
cinema,skyfest_w5seq1,29,dev_corner_b,false,0,0,0,false
cinema,skyfest_w5seq1,30,ember_ch_2,false,0,0,0,false
cinema,skyfest_w5seq1,31,awd_corner_b,false,0,0,0,false
cinema,skyfest_w5seq1,32,cmty_corner_c,false,0,0,0,false
cinema,skyfest_w5seq1,33,dev_corner_c,false,0,0,0,false
cinema,skyfest_w5seq1,34,ember_ch_3,false,0,0,0,false
cinema,skyfest_w5seq1,35,awd_corner_a,false,0,0,0,false
cinema,skyfest_w5seq1,36,cmty_corner_d,false,0,0,0,false
cinema,skyfest_w5seq1,37,dev_corner_d,false,0,0,0,false
cinema,skyfest_w5seq1,38,ember_ch_1,false,0,0,0,false
cinema,skyfest_w5seq1,39,awd_corner_b,false,0,0,0,false
cinema,skyfest_w5seq1,40,cmty_corner_a,false,0,0,0,false
cinema,skyfest_w5seq1,41,dev_corner_a,false,0,0,0,false
cinema,skyfest_w5seq1,42,ember_ch_2,false,0,0,0,false
cinema,skyfest_w5seq1,43,awd_corner_a,false,0,0,0,false
cinema,skyfest_w5seq1,44,cmty_corner_b,false,0,0,0,false
cinema,skyfest_w5seq1,45,dev_corner_b,false,0,0,0,false
cinema,skyfest_w5seq1,46,ember_ch_3,false,0,0,0,false
cinema,skyfest_w5seq1,47,awd_corner_b,false,0,0,0,false
cinema,skyfest_w5seq2,0,cmty_corner_d,false,0,0,0,false
cinema,skyfest_w5seq2,1,dev_corner_d,false,0,0,0,false
cinema,skyfest_w5seq2,2,ember_ch_1,false,0,0,0,false
cinema,skyfest_w5seq2,3,awd_corner_b,false,0,0,0,false
cinema,skyfest_w5seq2,4,cmty_corner_a,false,0,0,0,false
cinema,skyfest_w5seq2,5,dev_corner_a,false,0,0,0,false
cinema,skyfest_w5seq2,6,ember_ch_2,false,0,0,0,false
cinema,skyfest_w5seq2,7,awd_corner_a,false,0,0,0,false
cinema,skyfest_w5seq2,8,cmty_corner_b,false,0,0,0,false
cinema,skyfest_w5seq2,9,dev_corner_b,false,0,0,0,false
cinema,skyfest_w5seq2,10,ember_ch_3,false,0,0,0,false
cinema,skyfest_w5seq2,11,awd_corner_b,false,0,0,0,false
cinema,skyfest_w5seq2,12,cmty_corner_c,false,0,0,0,false
cinema,skyfest_w5seq2,13,dev_corner_c,false,0,0,0,false
cinema,skyfest_w5seq2,14,ember_ch_1,false,0,0,0,false
cinema,skyfest_w5seq2,15,awd_corner_a,false,0,0,0,false
cinema,skyfest_w5seq2,16,cmty_corner_d,false,0,0,0,false
cinema,skyfest_w5seq2,17,dev_corner_d,false,0,0,0,false
cinema,skyfest_w5seq2,18,ember_ch_2,false,0,0,0,false
cinema,skyfest_w5seq2,19,awd_corner_b,false,0,0,0,false
cinema,skyfest_w5seq2,20,cmty_corner_a,false,0,0,0,false
cinema,skyfest_w5seq2,21,dev_corner_a,false,0,0,0,false
cinema,skyfest_w5seq2,22,ember_ch_3,false,0,0,0,false
cinema,skyfest_w5seq2,23,awd_corner_a,false,0,0,0,false
cinema,skyfest_w5seq2,24,cmty_corner_b,false,0,0,0,false
cinema,skyfest_w5seq2,25,dev_corner_b,false,0,0,0,false
cinema,skyfest_w5seq2,26,ember_ch_1,false,0,0,0,false
cinema,skyfest_w5seq2,27,awd_corner_b,false,0,0,0,false
cinema,skyfest_w5seq2,28,cmty_corner_c,false,0,0,0,false
cinema,skyfest_w5seq2,29,dev_corner_c,false,0,0,0,false
cinema,skyfest_w5seq2,30,ember_ch_2,false,0,0,0,false
cinema,skyfest_w5seq2,31,awd_corner_a,false,0,0,0,false
cinema,skyfest_w5seq2,32,cmty_corner_d,false,0,0,0,false
cinema,skyfest_w5seq2,33,dev_corner_d,false,0,0,0,false
cinema,skyfest_w5seq2,34,ember_ch_3,false,0,0,0,false
cinema,skyfest_w5seq2,35,awd_corner_b,false,0,0,0,false
cinema,skyfest_w5seq2,36,cmty_corner_a,false,0,0,0,false
cinema,skyfest_w5seq2,37,dev_corner_a,false,0,0,0,false
cinema,skyfest_w5seq2,38,ember_ch_1,false,0,0,0,false
cinema,skyfest_w5seq2,39,awd_corner_a,false,0,0,0,false
cinema,skyfest_w5seq2,40,cmty_corner_b,false,0,0,0,false
cinema,skyfest_w5seq2,41,dev_corner_b,false,0,0,0,false
cinema,skyfest_w5seq2,42,ember_ch_2,false,0,0,0,false
cinema,skyfest_w5seq2,43,awd_corner_b,false,0,0,0,false
cinema,skyfest_w5seq2,44,cmty_corner_c,false,0,0,0,false
cinema,skyfest_w5seq2,45,dev_corner_c,false,0,0,0,false
cinema,skyfest_w5seq2,46,ember_ch_3,false,0,0,0,false
cinema,skyfest_w5seq2,47,awd_corner_a,false,0,0,0,false
cinema,skyfest_w5seq3,0,cmty_corner_a,false,0,0,0,false
cinema,skyfest_w5seq3,1,dev_corner_a,false,0,0,0,false
cinema,skyfest_w5seq3,2,ember_ch_1,false,0,0,0,false
cinema,skyfest_w5seq3,3,awd_corner_a,false,0,0,0,false
cinema,skyfest_w5seq3,4,cmty_corner_b,false,0,0,0,false
cinema,skyfest_w5seq3,5,dev_corner_b,false,0,0,0,false
cinema,skyfest_w5seq3,6,ember_ch_2,false,0,0,0,false
cinema,skyfest_w5seq3,7,awd_corner_b,false,0,0,0,false
cinema,skyfest_w5seq3,8,cmty_corner_c,false,0,0,0,false
cinema,skyfest_w5seq3,9,dev_corner_c,false,0,0,0,false
cinema,skyfest_w5seq3,10,ember_ch_3,false,0,0,0,false
cinema,skyfest_w5seq3,11,awd_corner_a,false,0,0,0,false
cinema,skyfest_w5seq3,12,cmty_corner_d,false,0,0,0,false
cinema,skyfest_w5seq3,13,dev_corner_d,false,0,0,0,false
cinema,skyfest_w5seq3,14,ember_ch_1,false,0,0,0,false
cinema,skyfest_w5seq3,15,awd_corner_b,false,0,0,0,false
cinema,skyfest_w5seq3,16,cmty_corner_a,false,0,0,0,false
cinema,skyfest_w5seq3,17,dev_corner_a,false,0,0,0,false
cinema,skyfest_w5seq3,18,ember_ch_2,false,0,0,0,false
cinema,skyfest_w5seq3,19,awd_corner_a,false,0,0,0,false
cinema,skyfest_w5seq3,20,cmty_corner_b,false,0,0,0,false
cinema,skyfest_w5seq3,21,dev_corner_b,false,0,0,0,false
cinema,skyfest_w5seq3,22,ember_ch_3,false,0,0,0,false
cinema,skyfest_w5seq3,23,awd_corner_b,false,0,0,0,false
cinema,skyfest_w5seq3,24,cmty_corner_c,false,0,0,0,false
cinema,skyfest_w5seq3,25,dev_corner_c,false,0,0,0,false
cinema,skyfest_w5seq3,26,ember_ch_1,false,0,0,0,false
cinema,skyfest_w5seq3,27,awd_corner_a,false,0,0,0,false
cinema,skyfest_w5seq3,28,cmty_corner_d,false,0,0,0,false
cinema,skyfest_w5seq3,29,dev_corner_d,false,0,0,0,false
cinema,skyfest_w5seq3,30,ember_ch_2,false,0,0,0,false
cinema,skyfest_w5seq3,31,awd_corner_b,false,0,0,0,false
cinema,skyfest_w5seq3,32,cmty_corner_a,false,0,0,0,false
cinema,skyfest_w5seq3,33,dev_corner_a,false,0,0,0,false
cinema,skyfest_w5seq3,34,ember_ch_3,false,0,0,0,false
cinema,skyfest_w5seq3,35,awd_corner_a,false,0,0,0,false
cinema,skyfest_w5seq3,36,cmty_corner_b,false,0,0,0,false
cinema,skyfest_w5seq3,37,dev_corner_b,false,0,0,0,false
cinema,skyfest_w5seq3,38,ember_ch_1,false,0,0,0,false
cinema,skyfest_w5seq3,39,awd_corner_b,false,0,0,0,false
cinema,skyfest_w5seq3,40,cmty_corner_c,false,0,0,0,false
cinema,skyfest_w5seq3,41,dev_corner_c,false,0,0,0,false
cinema,skyfest_w5seq3,42,ember_ch_2,false,0,0,0,false
cinema,skyfest_w5seq3,43,awd_corner_a,false,0,0,0,false
cinema,skyfest_w5seq3,44,cmty_corner_d,false,0,0,0,false
cinema,skyfest_w5seq3,45,dev_corner_d,false,0,0,0,false
cinema,skyfest_w5seq3,46,ember_ch_3,false,0,0,0,false
cinema,skyfest_w5seq3,47,awd_corner_b,false,0,0,0,false
cinema,skyfest_w5seq4,0,cmty_corner_b,false,0,0,0,false
cinema,skyfest_w5seq4,1,dev_corner_b,false,0,0,0,false
cinema,skyfest_w5seq4,2,ember_ch_1,false,0,0,0,false
cinema,skyfest_w5seq4,3,awd_corner_b,false,0,0,0,false
cinema,skyfest_w5seq4,4,cmty_corner_c,false,0,0,0,false
cinema,skyfest_w5seq4,5,dev_corner_c,false,0,0,0,false
cinema,skyfest_w5seq4,6,ember_ch_2,false,0,0,0,false
cinema,skyfest_w5seq4,7,awd_corner_a,false,0,0,0,false
cinema,skyfest_w5seq4,8,cmty_corner_d,false,0,0,0,false
cinema,skyfest_w5seq4,9,dev_corner_d,false,0,0,0,false
cinema,skyfest_w5seq4,10,ember_ch_3,false,0,0,0,false
cinema,skyfest_w5seq4,11,awd_corner_b,false,0,0,0,false
cinema,skyfest_w5seq4,12,cmty_corner_a,false,0,0,0,false
cinema,skyfest_w5seq4,13,dev_corner_a,false,0,0,0,false
cinema,skyfest_w5seq4,14,ember_ch_1,false,0,0,0,false
cinema,skyfest_w5seq4,15,awd_corner_a,false,0,0,0,false
cinema,skyfest_w5seq4,16,cmty_corner_b,false,0,0,0,false
cinema,skyfest_w5seq4,17,dev_corner_b,false,0,0,0,false
cinema,skyfest_w5seq4,18,ember_ch_2,false,0,0,0,false
cinema,skyfest_w5seq4,19,awd_corner_b,false,0,0,0,false
cinema,skyfest_w5seq4,20,cmty_corner_c,false,0,0,0,false
cinema,skyfest_w5seq4,21,dev_corner_c,false,0,0,0,false
cinema,skyfest_w5seq4,22,ember_ch_3,false,0,0,0,false
cinema,skyfest_w5seq4,23,awd_corner_a,false,0,0,0,false
cinema,skyfest_w5seq4,24,cmty_corner_d,false,0,0,0,false
cinema,skyfest_w5seq4,25,dev_corner_d,false,0,0,0,false
cinema,skyfest_w5seq4,26,ember_ch_1,false,0,0,0,false
cinema,skyfest_w5seq4,27,awd_corner_b,false,0,0,0,false
cinema,skyfest_w5seq4,28,cmty_corner_a,false,0,0,0,false
cinema,skyfest_w5seq4,29,dev_corner_a,false,0,0,0,false
cinema,skyfest_w5seq4,30,ember_ch_2,false,0,0,0,false
cinema,skyfest_w5seq4,31,awd_corner_a,false,0,0,0,false
cinema,skyfest_w5seq4,32,cmty_corner_b,false,0,0,0,false
cinema,skyfest_w5seq4,33,dev_corner_b,false,0,0,0,false
cinema,skyfest_w5seq4,34,ember_ch_3,false,0,0,0,false
cinema,skyfest_w5seq4,35,awd_corner_b,false,0,0,0,false
cinema,skyfest_w5seq4,36,cmty_corner_c,false,0,0,0,false
cinema,skyfest_w5seq4,37,dev_corner_c,false,0,0,0,false
cinema,skyfest_w5seq4,38,ember_ch_1,false,0,0,0,false
cinema,skyfest_w5seq4,39,awd_corner_a,false,0,0,0,false
cinema,skyfest_w5seq4,40,cmty_corner_d,false,0,0,0,false
cinema,skyfest_w5seq4,41,dev_corner_d,false,0,0,0,false
cinema,skyfest_w5seq4,42,ember_ch_2,false,0,0,0,false
cinema,skyfest_w5seq4,43,awd_corner_b,false,0,0,0,false
cinema,skyfest_w5seq4,44,cmty_corner_a,false,0,0,0,false
cinema,skyfest_w5seq4,45,dev_corner_a,false,0,0,0,false
cinema,skyfest_w5seq4,46,ember_ch_3,false,0,0,0,false
cinema,skyfest_w5seq4,47,awd_corner_a,false,0,0,0,false
twinribbon,twinribbon_concert,0,twinribbon_test_1,false,0,35,0,false
twinribbon,twinribbon_concert,1,twinribbon_test_2,false,0,35,0,false
twinribbon,twinribbon_concert,2,twinribbon_test_3,false,0,35,0,false
cinema,skyfest_w6seq1,0,cmty_corner_b,false,0,0,0,false
cinema,skyfest_w6seq1,1,dev_corner_b,false,0,0,0,false
cinema,skyfest_w6seq1,2,ember_ch_1,false,0,0,0,false
cinema,skyfest_w6seq1,3,awd_corner_b,false,0,0,0,false
cinema,skyfest_w6seq1,4,cmty_corner_c,false,0,0,0,false
cinema,skyfest_w6seq1,5,dev_corner_c,false,0,0,0,false
cinema,skyfest_w6seq1,6,ember_ch_2,false,0,0,0,false
cinema,skyfest_w6seq1,7,awd_corner_a,false,0,0,0,false
cinema,skyfest_w6seq1,8,cmty_corner_d,false,0,0,0,false
cinema,skyfest_w6seq1,9,dev_corner_d,false,0,0,0,false
cinema,skyfest_w6seq1,10,ember_ch_3,false,0,0,0,false
cinema,skyfest_w6seq1,11,awd_corner_b,false,0,0,0,false
cinema,skyfest_w6seq1,12,cmty_corner_a,false,0,0,0,false
cinema,skyfest_w6seq1,13,dev_corner_a,false,0,0,0,false
cinema,skyfest_w6seq1,14,ember_ch_4,false,0,0,0,false
cinema,skyfest_w6seq1,15,awd_corner_a,false,0,0,0,false
cinema,skyfest_w6seq1,16,cmty_corner_b,false,0,0,0,false
cinema,skyfest_w6seq1,17,dev_corner_b,false,0,0,0,false
cinema,skyfest_w6seq1,18,ember_ch_1,false,0,0,0,false
cinema,skyfest_w6seq1,19,awd_corner_b,false,0,0,0,false
cinema,skyfest_w6seq1,20,cmty_corner_c,false,0,0,0,false
cinema,skyfest_w6seq1,21,dev_corner_c,false,0,0,0,false
cinema,skyfest_w6seq1,22,ember_ch_2,false,0,0,0,false
cinema,skyfest_w6seq1,23,awd_corner_a,false,0,0,0,false
cinema,skyfest_w6seq1,24,cmty_corner_d,false,0,0,0,false
cinema,skyfest_w6seq1,25,dev_corner_d,false,0,0,0,false
cinema,skyfest_w6seq1,26,ember_ch_3,false,0,0,0,false
cinema,skyfest_w6seq1,27,awd_corner_b,false,0,0,0,false
cinema,skyfest_w6seq1,28,cmty_corner_a,false,0,0,0,false
cinema,skyfest_w6seq1,29,dev_corner_a,false,0,0,0,false
cinema,skyfest_w6seq1,30,ember_ch_4,false,0,0,0,false
cinema,skyfest_w6seq1,31,awd_corner_a,false,0,0,0,false
cinema,skyfest_w6seq1,32,cmty_corner_b,false,0,0,0,false
cinema,skyfest_w6seq1,33,dev_corner_b,false,0,0,0,false
cinema,skyfest_w6seq1,34,ember_ch_1,false,0,0,0,false
cinema,skyfest_w6seq1,35,awd_corner_b,false,0,0,0,false
cinema,skyfest_w6seq1,36,cmty_corner_c,false,0,0,0,false
cinema,skyfest_w6seq1,37,dev_corner_c,false,0,0,0,false
cinema,skyfest_w6seq1,38,ember_ch_2,false,0,0,0,false
cinema,skyfest_w6seq1,39,awd_corner_a,false,0,0,0,false
cinema,skyfest_w6seq1,40,cmty_corner_d,false,0,0,0,false
cinema,skyfest_w6seq1,41,dev_corner_d,false,0,0,0,false
cinema,skyfest_w6seq1,42,ember_ch_3,false,0,0,0,false
cinema,skyfest_w6seq1,43,awd_corner_b,false,0,0,0,false
cinema,skyfest_w6seq1,44,cmty_corner_a,false,0,0,0,false
cinema,skyfest_w6seq1,45,dev_corner_a,false,0,0,0,false
cinema,skyfest_w6seq1,46,ember_ch_4,false,0,0,0,false
cinema,skyfest_w6seq1,47,awd_corner_a,false,0,0,0,false
cinema,skyfest_w6seq2,0,cmty_corner_c,false,0,0,0,false
cinema,skyfest_w6seq2,1,dev_corner_c,false,0,0,0,false
cinema,skyfest_w6seq2,2,ember_ch_1,false,0,0,0,false
cinema,skyfest_w6seq2,3,awd_corner_a,false,0,0,0,false
cinema,skyfest_w6seq2,4,cmty_corner_d,false,0,0,0,false
cinema,skyfest_w6seq2,5,dev_corner_d,false,0,0,0,false
cinema,skyfest_w6seq2,6,ember_ch_2,false,0,0,0,false
cinema,skyfest_w6seq2,7,awd_corner_b,false,0,0,0,false
cinema,skyfest_w6seq2,8,cmty_corner_a,false,0,0,0,false
cinema,skyfest_w6seq2,9,dev_corner_a,false,0,0,0,false
cinema,skyfest_w6seq2,10,ember_ch_3,false,0,0,0,false
cinema,skyfest_w6seq2,11,awd_corner_a,false,0,0,0,false
cinema,skyfest_w6seq2,12,cmty_corner_b,false,0,0,0,false
cinema,skyfest_w6seq2,13,dev_corner_b,false,0,0,0,false
cinema,skyfest_w6seq2,14,ember_ch_4,false,0,0,0,false
cinema,skyfest_w6seq2,15,awd_corner_b,false,0,0,0,false
cinema,skyfest_w6seq2,16,cmty_corner_c,false,0,0,0,false
cinema,skyfest_w6seq2,17,dev_corner_c,false,0,0,0,false
cinema,skyfest_w6seq2,18,ember_ch_1,false,0,0,0,false
cinema,skyfest_w6seq2,19,awd_corner_a,false,0,0,0,false
cinema,skyfest_w6seq2,20,cmty_corner_d,false,0,0,0,false
cinema,skyfest_w6seq2,21,dev_corner_d,false,0,0,0,false
cinema,skyfest_w6seq2,22,ember_ch_2,false,0,0,0,false
cinema,skyfest_w6seq2,23,awd_corner_b,false,0,0,0,false
cinema,skyfest_w6seq2,24,cmty_corner_a,false,0,0,0,false
cinema,skyfest_w6seq2,25,dev_corner_a,false,0,0,0,false
cinema,skyfest_w6seq2,26,ember_ch_3,false,0,0,0,false
cinema,skyfest_w6seq2,27,awd_corner_a,false,0,0,0,false
cinema,skyfest_w6seq2,28,cmty_corner_b,false,0,0,0,false
cinema,skyfest_w6seq2,29,dev_corner_b,false,0,0,0,false
cinema,skyfest_w6seq2,30,ember_ch_4,false,0,0,0,false
cinema,skyfest_w6seq2,31,awd_corner_b,false,0,0,0,false
cinema,skyfest_w6seq2,32,cmty_corner_c,false,0,0,0,false
cinema,skyfest_w6seq2,33,dev_corner_c,false,0,0,0,false
cinema,skyfest_w6seq2,34,ember_ch_1,false,0,0,0,false
cinema,skyfest_w6seq2,35,awd_corner_a,false,0,0,0,false
cinema,skyfest_w6seq2,36,cmty_corner_d,false,0,0,0,false
cinema,skyfest_w6seq2,37,dev_corner_d,false,0,0,0,false
cinema,skyfest_w6seq2,38,ember_ch_2,false,0,0,0,false
cinema,skyfest_w6seq2,39,awd_corner_b,false,0,0,0,false
cinema,skyfest_w6seq2,40,cmty_corner_a,false,0,0,0,false
cinema,skyfest_w6seq2,41,dev_corner_a,false,0,0,0,false
cinema,skyfest_w6seq2,42,ember_ch_3,false,0,0,0,false
cinema,skyfest_w6seq2,43,awd_corner_a,false,0,0,0,false
cinema,skyfest_w6seq2,44,cmty_corner_b,false,0,0,0,false
cinema,skyfest_w6seq2,45,dev_corner_b,false,0,0,0,false
cinema,skyfest_w6seq2,46,ember_ch_4,false,0,0,0,false
cinema,skyfest_w6seq2,47,awd_corner_b,false,0,0,0,false
cinema,skyfest_w6seq3,0,cmty_corner_d,false,0,0,0,false
cinema,skyfest_w6seq3,1,dev_corner_d,false,0,0,0,false
cinema,skyfest_w6seq3,2,ember_ch_1,false,0,0,0,false
cinema,skyfest_w6seq3,3,awd_corner_b,false,0,0,0,false
cinema,skyfest_w6seq3,4,cmty_corner_a,false,0,0,0,false
cinema,skyfest_w6seq3,5,dev_corner_a,false,0,0,0,false
cinema,skyfest_w6seq3,6,ember_ch_2,false,0,0,0,false
cinema,skyfest_w6seq3,7,awd_corner_a,false,0,0,0,false
cinema,skyfest_w6seq3,8,cmty_corner_b,false,0,0,0,false
cinema,skyfest_w6seq3,9,dev_corner_b,false,0,0,0,false
cinema,skyfest_w6seq3,10,ember_ch_3,false,0,0,0,false
cinema,skyfest_w6seq3,11,awd_corner_b,false,0,0,0,false
cinema,skyfest_w6seq3,12,cmty_corner_c,false,0,0,0,false
cinema,skyfest_w6seq3,13,dev_corner_c,false,0,0,0,false
cinema,skyfest_w6seq3,14,ember_ch_4,false,0,0,0,false
cinema,skyfest_w6seq3,15,awd_corner_a,false,0,0,0,false
cinema,skyfest_w6seq3,16,cmty_corner_d,false,0,0,0,false
cinema,skyfest_w6seq3,17,dev_corner_d,false,0,0,0,false
cinema,skyfest_w6seq3,18,ember_ch_1,false,0,0,0,false
cinema,skyfest_w6seq3,19,awd_corner_b,false,0,0,0,false
cinema,skyfest_w6seq3,20,cmty_corner_a,false,0,0,0,false
cinema,skyfest_w6seq3,21,dev_corner_a,false,0,0,0,false
cinema,skyfest_w6seq3,22,ember_ch_2,false,0,0,0,false
cinema,skyfest_w6seq3,23,awd_corner_a,false,0,0,0,false
cinema,skyfest_w6seq3,24,cmty_corner_b,false,0,0,0,false
cinema,skyfest_w6seq3,25,dev_corner_b,false,0,0,0,false
cinema,skyfest_w6seq3,26,ember_ch_3,false,0,0,0,false
cinema,skyfest_w6seq3,27,awd_corner_b,false,0,0,0,false
cinema,skyfest_w6seq3,28,cmty_corner_c,false,0,0,0,false
cinema,skyfest_w6seq3,29,dev_corner_c,false,0,0,0,false
cinema,skyfest_w6seq3,30,ember_ch_4,false,0,0,0,false
cinema,skyfest_w6seq3,31,awd_corner_a,false,0,0,0,false
cinema,skyfest_w6seq3,32,cmty_corner_d,false,0,0,0,false
cinema,skyfest_w6seq3,33,dev_corner_d,false,0,0,0,false
cinema,skyfest_w6seq3,34,ember_ch_1,false,0,0,0,false
cinema,skyfest_w6seq3,35,awd_corner_b,false,0,0,0,false
cinema,skyfest_w6seq3,36,cmty_corner_a,false,0,0,0,false
cinema,skyfest_w6seq3,37,dev_corner_a,false,0,0,0,false
cinema,skyfest_w6seq3,38,ember_ch_2,false,0,0,0,false
cinema,skyfest_w6seq3,39,awd_corner_a,false,0,0,0,false
cinema,skyfest_w6seq3,40,cmty_corner_b,false,0,0,0,false
cinema,skyfest_w6seq3,41,dev_corner_b,false,0,0,0,false
cinema,skyfest_w6seq3,42,ember_ch_3,false,0,0,0,false
cinema,skyfest_w6seq3,43,awd_corner_b,false,0,0,0,false
cinema,skyfest_w6seq3,44,cmty_corner_c,false,0,0,0,false
cinema,skyfest_w6seq3,45,dev_corner_c,false,0,0,0,false
cinema,skyfest_w6seq3,46,ember_ch_4,false,0,0,0,false
cinema,skyfest_w6seq3,47,awd_corner_a,false,0,0,0,false
cinema,skyfest_w6seq4,0,cmty_corner_a,false,0,0,0,false
cinema,skyfest_w6seq4,1,dev_corner_a,false,0,0,0,false
cinema,skyfest_w6seq4,2,ember_ch_1,false,0,0,0,false
cinema,skyfest_w6seq4,3,awd_corner_a,false,0,0,0,false
cinema,skyfest_w6seq4,4,cmty_corner_b,false,0,0,0,false
cinema,skyfest_w6seq4,5,dev_corner_b,false,0,0,0,false
cinema,skyfest_w6seq4,6,ember_ch_2,false,0,0,0,false
cinema,skyfest_w6seq4,7,awd_corner_b,false,0,0,0,false
cinema,skyfest_w6seq4,8,cmty_corner_c,false,0,0,0,false
cinema,skyfest_w6seq4,9,dev_corner_c,false,0,0,0,false
cinema,skyfest_w6seq4,10,ember_ch_3,false,0,0,0,false
cinema,skyfest_w6seq4,11,awd_corner_a,false,0,0,0,false
cinema,skyfest_w6seq4,12,cmty_corner_d,false,0,0,0,false
cinema,skyfest_w6seq4,13,dev_corner_d,false,0,0,0,false
cinema,skyfest_w6seq4,14,ember_ch_4,false,0,0,0,false
cinema,skyfest_w6seq4,15,awd_corner_b,false,0,0,0,false
cinema,skyfest_w6seq4,16,cmty_corner_a,false,0,0,0,false
cinema,skyfest_w6seq4,17,dev_corner_a,false,0,0,0,false
cinema,skyfest_w6seq4,18,ember_ch_1,false,0,0,0,false
cinema,skyfest_w6seq4,19,awd_corner_a,false,0,0,0,false
cinema,skyfest_w6seq4,20,cmty_corner_b,false,0,0,0,false
cinema,skyfest_w6seq4,21,dev_corner_b,false,0,0,0,false
cinema,skyfest_w6seq4,22,ember_ch_2,false,0,0,0,false
cinema,skyfest_w6seq4,23,awd_corner_b,false,0,0,0,false
cinema,skyfest_w6seq4,24,cmty_corner_c,false,0,0,0,false
cinema,skyfest_w6seq4,25,dev_corner_c,false,0,0,0,false
cinema,skyfest_w6seq4,26,ember_ch_3,false,0,0,0,false
cinema,skyfest_w6seq4,27,awd_corner_a,false,0,0,0,false
cinema,skyfest_w6seq4,28,cmty_corner_d,false,0,0,0,false
cinema,skyfest_w6seq4,29,dev_corner_d,false,0,0,0,false
cinema,skyfest_w6seq4,30,ember_ch_4,false,0,0,0,false
cinema,skyfest_w6seq4,31,awd_corner_b,false,0,0,0,false
cinema,skyfest_w6seq4,32,cmty_corner_a,false,0,0,0,false
cinema,skyfest_w6seq4,33,dev_corner_a,false,0,0,0,false
cinema,skyfest_w6seq4,34,ember_ch_1,false,0,0,0,false
cinema,skyfest_w6seq4,35,awd_corner_a,false,0,0,0,false
cinema,skyfest_w6seq4,36,cmty_corner_b,false,0,0,0,false
cinema,skyfest_w6seq4,37,dev_corner_b,false,0,0,0,false
cinema,skyfest_w6seq4,38,ember_ch_2,false,0,0,0,false
cinema,skyfest_w6seq4,39,awd_corner_b,false,0,0,0,false
cinema,skyfest_w6seq4,40,cmty_corner_c,false,0,0,0,false
cinema,skyfest_w6seq4,41,dev_corner_c,false,0,0,0,false
cinema,skyfest_w6seq4,42,ember_ch_3,false,0,0,0,false
cinema,skyfest_w6seq4,43,awd_corner_a,false,0,0,0,false
cinema,skyfest_w6seq4,44,cmty_corner_d,false,0,0,0,false
cinema,skyfest_w6seq4,45,dev_corner_d,false,0,0,0,false
cinema,skyfest_w6seq4,46,ember_ch_4,false,0,0,0,false
cinema,skyfest_w6seq4,47,awd_corner_b,false,0,0,0,false
cinema,skyfest_w6seq5,0,cmty_corner_b,false,0,0,0,false
cinema,skyfest_w6seq5,1,dev_corner_b,false,0,0,0,false
cinema,skyfest_w6seq5,2,ember_ch_1,false,0,0,0,false
cinema,skyfest_w6seq5,3,awd_corner_b,false,0,0,0,false
cinema,skyfest_w6seq5,4,cmty_corner_c,false,0,0,0,false
cinema,skyfest_w6seq5,5,dev_corner_c,false,0,0,0,false
cinema,skyfest_w6seq5,6,ember_ch_2,false,0,0,0,false
cinema,skyfest_w6seq5,7,awd_corner_a,false,0,0,0,false
cinema,skyfest_w6seq5,8,cmty_corner_d,false,0,0,0,false
cinema,skyfest_w6seq5,9,dev_corner_d,false,0,0,0,false
cinema,skyfest_w6seq5,10,ember_ch_3,false,0,0,0,false
cinema,skyfest_w6seq5,11,awd_corner_b,false,0,0,0,false
cinema,skyfest_w6seq5,12,cmty_corner_a,false,0,0,0,false
cinema,skyfest_w6seq5,13,dev_corner_a,false,0,0,0,false
cinema,skyfest_w6seq5,14,ember_ch_4,false,0,0,0,false
cinema,skyfest_w6seq5,15,awd_corner_a,false,0,0,0,false
cinema,skyfest_w6seq5,16,cmty_corner_b,false,0,0,0,false
cinema,skyfest_w6seq5,17,dev_corner_b,false,0,0,0,false
cinema,skyfest_w6seq5,18,ember_ch_1,false,0,0,0,false
cinema,skyfest_w6seq5,19,awd_corner_b,false,0,0,0,false
cinema,skyfest_w6seq5,20,cmty_corner_c,false,0,0,0,false
cinema,skyfest_w6seq5,21,dev_corner_c,false,0,0,0,false
cinema,skyfest_w6seq5,22,ember_ch_2,false,0,0,0,false
cinema,skyfest_w6seq5,23,awd_corner_a,false,0,0,0,false
cinema,skyfest_w6seq5,24,cmty_corner_d,false,0,0,0,false
cinema,skyfest_w6seq5,25,dev_corner_d,false,0,0,0,false
cinema,skyfest_w6seq5,26,ember_ch_3,false,0,0,0,false
cinema,skyfest_w6seq5,27,awd_corner_b,false,0,0,0,false
cinema,skyfest_w6seq5,28,cmty_corner_a,false,0,0,0,false
cinema,skyfest_w6seq5,29,dev_corner_a,false,0,0,0,false
cinema,skyfest_w6seq5,30,ember_ch_4,false,0,0,0,false
cinema,skyfest_w6seq5,31,awd_corner_a,false,0,0,0,false
cinema,skyfest_w6seq5,32,cmty_corner_b,false,0,0,0,false
cinema,skyfest_w6seq5,33,dev_corner_b,false,0,0,0,false
cinema,skyfest_w6seq5,34,ember_ch_1,false,0,0,0,false
cinema,skyfest_w6seq5,35,awd_corner_b,false,0,0,0,false
cinema,skyfest_w6seq5,36,awd_countdown,false,0,0,0,false
cinema,skyfest_w6seq5,37,awd_show_p1,false,0,0,0,false
cinema,skyfest_w6seq5,38,awd_show_p2,false,0,0,0,false
cinema,skyfest_w6seq5,39,ember_ch_all,false,0,0,0,false
cinema,skyfest_w6seq5,40,ember_ch_3,false,0,0,0,false
cinema,skyfest_w6seq5,41,awd_winners_b,false,0,0,0,false
cinema,skyfest_w6seq5,42,cmty_corner_a,false,0,0,0,false
cinema,skyfest_w6seq5,43,dev_corner_a,false,0,0,0,false
cinema,skyfest_w6seq5,44,ember_ch_4,false,0,0,0,false
cinema,skyfest_w6seq5,45,awd_winners_a,false,0,0,0,false
cinema,skyfest_w6seq6,0,cmty_corner_c,false,0,0,0,false
cinema,skyfest_w6seq6,1,dev_corner_c,false,0,0,0,false
cinema,skyfest_w6seq6,2,ember_ch_1,false,0,0,0,false
cinema,skyfest_w6seq6,3,awd_winners_a,false,0,0,0,false
cinema,skyfest_w6seq6,4,cmty_corner_d,false,0,0,0,false
cinema,skyfest_w6seq6,5,dev_corner_d,false,0,0,0,false
cinema,skyfest_w6seq6,6,ember_ch_2,false,0,0,0,false
cinema,skyfest_w6seq6,7,awd_winners_b,false,0,0,0,false
cinema,skyfest_w6seq6,8,cmty_corner_a,false,0,0,0,false
cinema,skyfest_w6seq6,9,dev_corner_a,false,0,0,0,false
cinema,skyfest_w6seq6,10,ember_ch_3,false,0,0,0,false
cinema,skyfest_w6seq6,11,awd_winners_a,false,0,0,0,false
cinema,skyfest_w6seq6,12,cmty_corner_b,false,0,0,0,false
cinema,skyfest_w6seq6,13,dev_corner_b,false,0,0,0,false
cinema,skyfest_w6seq6,14,ember_ch_4,false,0,0,0,false
cinema,skyfest_w6seq6,15,awd_winners_b,false,0,0,0,false
cinema,skyfest_w6seq6,16,cmty_corner_c,false,0,0,0,false
cinema,skyfest_w6seq6,17,dev_corner_c,false,0,0,0,false
cinema,skyfest_w6seq6,18,ember_ch_1,false,0,0,0,false
cinema,skyfest_w6seq6,19,awd_winners_a,false,0,0,0,false
cinema,skyfest_w6seq6,20,cmty_corner_d,false,0,0,0,false
cinema,skyfest_w6seq6,21,dev_corner_d,false,0,0,0,false
cinema,skyfest_w6seq6,22,ember_ch_2,false,0,0,0,false
cinema,skyfest_w6seq6,23,awd_winners_b,false,0,0,0,false
cinema,skyfest_w6seq6,24,cmty_corner_a,false,0,0,0,false
cinema,skyfest_w6seq6,25,dev_corner_a,false,0,0,0,false
cinema,skyfest_w6seq6,26,ember_ch_3,false,0,0,0,false
cinema,skyfest_w6seq6,27,awd_winners_a,false,0,0,0,false
cinema,skyfest_w6seq6,28,cmty_corner_b,false,0,0,0,false
cinema,skyfest_w6seq6,29,dev_corner_b,false,0,0,0,false
cinema,skyfest_w6seq6,30,ember_ch_4,false,0,0,0,false
cinema,skyfest_w6seq6,31,awd_winners_b,false,0,0,0,false
cinema,skyfest_w6seq6,32,cmty_corner_c,false,0,0,0,false
cinema,skyfest_w6seq6,33,dev_corner_c,false,0,0,0,false
cinema,skyfest_w6seq6,34,ember_ch_1,false,0,0,0,false
cinema,skyfest_w6seq6,35,awd_winners_a,false,0,0,0,false
cinema,skyfest_w6seq6,36,cmty_corner_d,false,0,0,0,false
cinema,skyfest_w6seq6,37,dev_corner_d,false,0,0,0,false
cinema,skyfest_w6seq6,38,ember_ch_2,false,0,0,0,false
cinema,skyfest_w6seq6,39,awd_winners_b,false,0,0,0,false
cinema,skyfest_w6seq6,40,cmty_corner_a,false,0,0,0,false
cinema,skyfest_w6seq6,41,dev_corner_a,false,0,0,0,false
cinema,skyfest_w6seq6,42,ember_ch_3,false,0,0,0,false
cinema,skyfest_w6seq6,43,awd_winners_a,false,0,0,0,false
cinema,skyfest_w6seq6,44,cmty_corner_b,false,0,0,0,false
cinema,skyfest_w6seq6,45,dev_corner_b,false,0,0,0,false
cinema,skyfest_w6seq6,46,ember_ch_4,false,0,0,0,false
cinema,skyfest_w6seq6,47,awd_winners_b,false,0,0,0,false
cinema,skyfest_w6seq7,0,cmty_corner_d,false,0,0,0,false
cinema,skyfest_w6seq7,1,dev_corner_d,false,0,0,0,false
cinema,skyfest_w6seq7,2,ember_ch_1,false,0,0,0,false
cinema,skyfest_w6seq7,3,awd_winners_b,false,0,0,0,false
cinema,skyfest_w6seq7,4,cmty_corner_a,false,0,0,0,false
cinema,skyfest_w6seq7,5,dev_corner_a,false,0,0,0,false
cinema,skyfest_w6seq7,6,ember_ch_2,false,0,0,0,false
cinema,skyfest_w6seq7,7,awd_winners_a,false,0,0,0,false
cinema,skyfest_w6seq7,8,cmty_corner_b,false,0,0,0,false
cinema,skyfest_w6seq7,9,dev_corner_b,false,0,0,0,false
cinema,skyfest_w6seq7,10,ember_ch_3,false,0,0,0,false
cinema,skyfest_w6seq7,11,awd_winners_b,false,0,0,0,false
cinema,skyfest_w6seq7,12,cmty_corner_c,false,0,0,0,false
cinema,skyfest_w6seq7,13,dev_corner_c,false,0,0,0,false
cinema,skyfest_w6seq7,14,ember_ch_4,false,0,0,0,false
cinema,skyfest_w6seq7,15,awd_winners_a,false,0,0,0,false
cinema,skyfest_w6seq7,16,cmty_corner_d,false,0,0,0,false
cinema,skyfest_w6seq7,17,dev_corner_d,false,0,0,0,false
cinema,skyfest_w6seq7,18,ember_ch_1,false,0,0,0,false
cinema,skyfest_w6seq7,19,awd_winners_b,false,0,0,0,false
cinema,skyfest_w6seq7,20,cmty_corner_a,false,0,0,0,false
cinema,skyfest_w6seq7,21,dev_corner_a,false,0,0,0,false
cinema,skyfest_w6seq7,22,ember_ch_2,false,0,0,0,false
cinema,skyfest_w6seq7,23,awd_winners_a,false,0,0,0,false
cinema,skyfest_w6seq7,24,cmty_corner_b,false,0,0,0,false
cinema,skyfest_w6seq7,25,dev_corner_b,false,0,0,0,false
cinema,skyfest_w6seq7,26,ember_ch_3,false,0,0,0,false
cinema,skyfest_w6seq7,27,awd_winners_b,false,0,0,0,false
cinema,skyfest_w6seq7,28,cmty_corner_c,false,0,0,0,false
cinema,skyfest_w6seq7,29,dev_corner_c,false,0,0,0,false
cinema,skyfest_w6seq7,30,ember_ch_4,false,0,0,0,false
cinema,skyfest_w6seq7,31,awd_winners_a,false,0,0,0,false
cinema,skyfest_w6seq7,32,cmty_corner_d,false,0,0,0,false
cinema,skyfest_w6seq7,33,dev_corner_d,false,0,0,0,false
cinema,skyfest_w6seq7,34,ember_ch_1,false,0,0,0,false
cinema,skyfest_w6seq7,35,awd_winners_b,false,0,0,0,false
cinema,skyfest_w6seq7,36,cmty_corner_a,false,0,0,0,false
cinema,skyfest_w6seq7,37,dev_corner_a,false,0,0,0,false
cinema,skyfest_w6seq7,38,ember_ch_2,false,0,0,0,false
cinema,skyfest_w6seq7,39,awd_winners_a,false,0,0,0,false
cinema,skyfest_w6seq7,40,cmty_corner_b,false,0,0,0,false
cinema,skyfest_w6seq7,41,dev_corner_b,false,0,0,0,false
cinema,skyfest_w6seq7,42,ember_ch_3,false,0,0,0,false
cinema,skyfest_w6seq7,43,awd_winners_b,false,0,0,0,false
cinema,skyfest_w6seq7,44,cmty_corner_c,false,0,0,0,false
cinema,skyfest_w6seq7,45,dev_corner_c,false,0,0,0,false
cinema,skyfest_w6seq7,46,ember_ch_4,false,0,0,0,false
cinema,skyfest_w6seq7,47,awd_winners_a,false,0,0,0,false
cinema,skyfest_week2,0,6yrsofsky,true,0,0,10,true
cinema,skyfest_week2,1,295filler,true,0,0,10,true
projector_ember_p1,projector_ember_p1,0,Prop_AP27Projector_p1chapters_cc,true,0,0,10,false
te_ep_1_loop,te_ep_1,0,medpad_ch_1,true,15,0,0,true
te_ep_2_loop,te_ep_2,0,medpad_ch_2,true,15,0,0,true
te_ep_3_loop,te_ep_3,0,medpad_ch_3,true,15,0,0,true
te_ep_4_loop,te_ep_4,0,medpad_ch_4,true,15,0,0,true
tgc_office,global_skyfest,0,recruitment_kyle,true,15,10,10,false
tgc_office,global_skyfest,1,recruitment_nick,true,15,10,10,false
tgc_office,global_skyfest,2,recruitment_sam,true,15,10,10,false
tgc_office,global_skyfest,3,recruitment_amelia,true,15,10,10,false
tgc_office,global_skyfest,4,recruitment_jeremy,true,15,10,10,false
tgc_office,global_skyfest,5,recruitment_samantha,true,15,10,10,false
tgc_office,global_skyfest,6,recruitment_dylan,true,15,10,10,false
